tanggal_panen,kebun,divisi,akp_panen,jumlah_tk_panen,luas_panen_ha,jjg_panen_jjg,jjg_kirim_jjg,ketrek,total_jjg_kirim_jjg,tonase_panen_kg,refraksi_kg,refraksi_persen,restant_jjg,bjr_hari_ini,output_kg_hk,output_ha_hk,budget_harian,timbang_kebun_harian,timbang_pks_harian,rotasi_panen,bjr_calc,akp_calc,acv0_prod,selisih
3/1/2025,PT. HSBS,INTI,0,0,0,0,864,0,864,11960,240,2.01,0,13.84,0,0,21722,12010,11960,13,13.84,0,55,-50
3/2/2025,PT. HSBS,INTI,67,16,25,2306,1993,0,1993,23430,703,3,313,11.76,1464.38,1.56,0,23880,23430,14,11.76,67,0,-450
3/3/2025,PT. HSBS,INTI,64,20,25,2185,2265,0,2265,32090,642,2,233,14.17,1604.5,1.25,21722,32490,32090,15,14.17,64,148,-400
3/4/2025,PT. HSBS,INTI,61,19,31,2551,2523,0,2523,31500,867,2.75,261,12.49,1657.89,1.63,21722,31860,31500,16,12.49,61,145,-360
3/5/2025,PT. HSBS,INTI,69,20,31,2875,3136,0,3136,39130,857,2.19,0,12.48,1956.5,1.55,21722,39710,39130,14,12.48,69,180,-580
3/6/2025,PT. HSBS,INTI,97,19,28,3732,3732,50,3782,30560,675,2.21,0,8.08,1608.42,1.47,21722,30930,30560,15,8.08,97,141,-370
3/7/2025,PT. HSBS,INTI,58,20,38,2936,2428,0,2428,30230,746,2.47,508,12.45,1511.5,1.9,21722,30570,30230,15,12.45,58,139,-340
3/8/2025,PT. HSBS,INTI,59,21,39,3067,3575,50,3625,39920,1105,2.77,0,11.01,1900.95,1.86,21722,40410,39920,13,11.01,59,184,-490
3/9/2025,PT. HSBS,INTI,69,13,24,2254,1834,24,1858,22510,515,2.29,420,12.12,1731.54,1.85,0,22710,22510,14,12.12,69,0,-200
3/10/2025,PT. HSBS,INTI,74,21,36,3608,3961,0,3961,45740,1071,2.34,67,11.55,2178.1,1.71,21722,46620,45740,14,11.55,74,211,-880
3/11/2025,PT. HSBS,INTI,83,21,32,3616,3550,25,3575,41840,1370,3.27,133,11.7,1992.38,1.52,21722,42450,41840,15,11.7,83,193,-610
3/12/2025,PT. HSBS,INTI,64,19,35,3027,2974,0,2974,40290,806,2,186,13.55,2120.53,1.84,21722,40850,40290,14,13.55,64,185,-560
3/13/2025,PT. HSBS,INTI,52,20,45,3133,3319,0,3319,40560,970,2.39,0,12.22,2028,2.25,21722,41220,40560,14,12.22,52,187,-660
3/14/2025,PT. HSBS,INTI,51,20,36,2453,2453,0,2453,34880,1191,3.41,0,14.22,1744,1.8,21722,35360,34880,12,14.22,51,161,-480
3/15/2025,PT. HSBS,INTI,48,11,18,1154,1154,0,1154,15800,316,2,0,13.69,1436.36,1.64,21722,15930,15800,13,13.69,48,73,-130
3/16/2025,PT. HSBS,INTI,75,16,24,2404,2014,0,2014,28300,425,1.5,390,14.05,1768.75,1.5,0,28750,28300,14,14.05,75,0,-450
3/17/2025,PT. HSBS,INTI,56,19,33,2514,2904,0,2904,35820,145,0.4,0,12.33,1885.26,1.74,21722,36510,35820,15,12.33,56,165,-690
3/18/2025,PT. HSBS,INTI,77,21,38,3940,3754,0,3754,39030,864,2.21,186,10.4,1858.57,1.81,21722,39810,39030,15,10.4,77,180,-780
3/19/2025,PT. HSBS,INTI,60,17,33,2665,2768,0,2768,30580,1008,3.3,83,11.05,1798.82,1.94,21722,31140,30580,16,11.05,60,141,-560
3/20/2025,PT. HSBS,INTI,55,22,49,3621,1034,0,1034,12960,259,2,2670,12.53,589.09,2.23,21722,13190,12960,14,12.53,55,60,-230
3/21/2025,PT. HSBS,INTI,62,14,26,2171,4454,0,4454,49950,1353,2.71,387,11.21,3567.86,1.86,21722,50910,49950,15,11.21,62,230,-960
3/22/2025,PT. HSBS,INTI,70,21,31,2963,3350,0,3350,37260,811,2.18,0,11.12,1774.29,1.48,21722,37580,37260,15,11.12,70,172,-320
3/23/2025,PT. HSBS,INTI,65,9,12,1031,1031,0,1031,13800,336,2.43,0,13.39,1533.33,1.33,0,14010,13800,16,13.39,65,0,-210
3/24/2025,PT. HSBS,INTI,81,20,28,3023,2534,0,2534,28070,561,2,489,11.08,1403.5,1.4,21722,28490,28070,17,11.08,81,129,-420
3/25/2025,PT. HSBS,INTI,77,16,21,2162,2060,0,2060,28100,562,2,591,13.64,1756.25,1.31,21722,28530,28100,14,13.64,77,129,-430
3/26/2025,PT. HSBS,INTI,78,18,26,2776,3309,0,3309,40630,813,2,58,12.28,2257.22,1.44,21722,41140,40630,14,12.28,78,187,-510
3/27/2025,PT. HSBS,INTI,106,19,20,2858,2916,0,2916,38240,837,2.19,0,13.11,2012.63,1.05,21722,38990,38240,15,13.11,106,176,-750
3/28/2025,PT. HSBS,INTI,51,14,23,1583,1583,0,1583,20210,480,2.38,0,12.77,1443.57,1.64,0,20560,20210,16,12.77,51,0,-350
3/29/2025,PT. HSBS,INTI,0,0,0,0,0,0,0,0,0,0,0,0,0,0,0,0,0,17,0,0,0,0
3/30/2025,PT. HSBS,INTI,0,0,0,0,0,0,0,0,0,0,0,0,0,0,0,0,0,18,0,0,0,0
3/31/2025,PT. HSBS,INTI,0,0,0,0,0,0,0,0,0,0,0,0,0,0,0,0,0,19,0,0,0,0
4/1/2025,PT. HSBS,INTI,0,0,0,0,0,0,0,0,0,0,0,0,0,0,0,0,0,20,0,0,0,0
4/2/2025,PT. HSBS,INTI,0,0,0,0,0,0,0,0,0,0,0,0,0,0,0,0,0,21,0,0,0,0
4/3/2025,PT. HSBS,INTI,66,13,26,2336,2117,0,2117,28440,755,2.65,219,13.43,2187.69,2,0,28830,28440,21,13.43,66,0,-390
4/4/2025,PT. HSBS,INTI,106,12,14,2020,1958,0,1958,26310,527,2,281,13.44,2192.5,1.17,27251,26640,26310,21,13.44,106,97,-330
4/5/2025,PT. HSBS,INTI,83,14,20,2244,2398,0,2398,29780,748,2.51,127,12.42,2127.14,1.43,27251,30050,29780,22,12.42,83,109,-270
4/6/2025,PT. HSBS,INTI,85,3,8,918,0,0,0,0,0,0,1045,0,0,2.67,0,0,0,23,0,85,0,0
4/7/2025,PT. HSBS,INTI,96,13,17,2221,0,0,3115,43580,873,2,151,14,3352,1.32,27251,44020,43580,22,13.99,96,160,-440
4/8/2025,PT. HSBS,INTI,85,17,31,3507,0,0,3125,38100,917,2.4,533,12,2241,1.8,27251,38650,38100,23,12.19,85,140,-550
4/9/2025,PT. HSBS,INTI,78,19,35,3640,0,0,3916,43270,1021,2.4,257,11,2277,1.83,27251,43600,43270,23,11.05,78,159,-330
4/10/2025,PT. HSBS,INTI,73,16,30,2986,0,0,3029,35230,705,2,214,12,2202,1.9,27251,35800,35230,23,11.63,73,129,-570
4/11/2025,PT. HSBS,INTI,97,14,23,3010,0,0,3224,29170,583,2,0,9,2084,1.64,27251,29600,29170,22,9.05,97,107,-430
4/12/2025,PT. HSBS,INTI,100,19,30,3995,0,0,3672,42160,973,2.3,323,11,2219,1.56,27251,42890,42160,23,11.48,100,155,-730
4/13/2025,PT. HSBS,INTI,90,11,19,2336,0,0,2659,27980,703,2.5,0,11,2544,1.75,0,28320,27980,24,10.52,90,0,-340
4/14/2025,PT. HSBS,INTI,112,18,27,4073,0,0,3537,40640,975,2.4,536,11,2258,1.5,27251,41330,40640,23,11.49,112,149,-690
4/15/2025,PT. HSBS,INTI,94,24,41,5260,0,0,4839,55190,1696,3.1,957,11,2300,1.73,27251,56060,55190,24,11.41,94,203,-870
4/16/2025,PT. HSBS,INTI,82,22,39,4310,0,0,4900,64050,1942,3,367,13,2911,1.78,27251,64330,64050,24,13.07,82,235,-280
4/17/2025,PT. HSBS,INTI,75,17,32,3249,0,0,3296,36950,880,2.4,320,11,2174,1.89,27251,37400,36950,25,11.21,75,136,-450
4/18/2025,PT. HSBS,INTI,94,17,33,4151,0,0,4032,44420,888,2,439,11,2613,1.92,0,45090,44420,26,11.02,94,0,-670
4/19/2025,PT. HSBS,INTI,75,19,33,3366,0,0,3420,35000,1210,3.5,385,10,1842,1.74,27251,35460,35140,17,10.23,75,129,-320
4/20/2025,PT. HSBS,INTI,72,11,19,1845,0,0,2041,22670,808,3.6,189,11,2061,1.73,0,22930,22670,18,11.11,72,0,-260
4/21/2025,PT. HSBS,INTI,81,19,31,3424,0,0,3445,45430,1203,2.6,168,13,2391,1.65,27251,46120,45430,19,13.19,81,167,-690
4/22/2025,PT. HSBS,INTI,72,22,38,3672,0,0,3655,41100,822,2,185,11,1868,1.71,27251,41828,41100,16,11.24,72,151,-728
4/23/2025,PT. HSBS,INTI,64,15,35,2978,0,0,2980,33030,660,2,183,11,2202,2.3,27251,33610,33030,17,11.08,64,121,-580
4/24/2025,PT. HSBS,INTI,55,18,44,3245,0,0,3283,36880,738,2,145,11,2049,2.43,27251,37510,36880,17,11.23,55,135,-630
4/25/2025,PT. HSBS,INTI,49,19,37,2463,0,0,2373,23820,593,2.5,235,10,1254,1.95,27251,24060,23820,13,10.04,49,87,-240
4/26/2025,PT. HSBS,INTI,49,24,57,3781,0,0,3442,37380,966,2.6,574,11,1558,2.38,27251,37890,37380,14,10.86,49,137,-510
4/27/2025,PT. HSBS,INTI,48,13,33,2146,0,0,2625,29050,582,2,95,11,2235,2.57,0,29610,29050,14,11.07,48,0,-560
4/28/2025,PT. HSBS,INTI,44,22,55,3257,0,0,3227,38240,766,2,125,12,1738,2.49,27251,38610,38240,13,11.85,44,140,-370
4/29/2025,PT. HSBS,INTI,56,22,50,3756,0,0,3650,36340,793,2.2,231,10,1652,2.26,27251,37020,36340,12,9.96,56,133,-680
4/30/2025,PT. HSBS,INTI,57,23,40,3052,0,0,2460,21730,505,2.3,823,9,945,1.74,27251,21810,21730,11,8.83,57,80,-80
5/1/2025,PT. HSBS,INTI,45,18,44,2694,0,0,3517,32590,726,2.2,0,9,1811,2.45,0,33360,32590,12,9.27,45,0,-770
5/2/2025,PT. HSBS,INTI,30,20,44,1739,0,0,1739,15020,301,2,0,9,751,2.18,33306,22600,22230,10,8.64,30,67,-370
5/3/2025,PT. HSBS,INTI,19,9,19,472,0,0,472,7370,147,2,0,16,819,2.07,33306,7370,7370,11,15.61,19,22,0
5/4/2025,PT. HSBS,INTI,0,0,0,0,0,0,0,0,0,0,0,0,0,0,0,0,0,12,0,0,0,0
5/5/2025,PT. HSBS,INTI,30,23,72,2900,0,0,2802,21810,436,2,98,8,948,3.12,33306,22180,21810,11,7.78,30,65,-370
5/6/2025,PT. HSBS,INTI,36,25,62,2977,0,0,2993,34820,697,2,82,12,1393,2.47,33306,35520,34820,11,11.63,36,105,-700
5/7/2025,PT. HSBS,INTI,41,22,46,2586,0,0,2568,28400,717,2.5,100,11,1291,2.11,33306,28740,28400,11,11.06,41,85,-340
5/8/2025,PT. HSBS,INTI,49,23,48,3165,0,0,2902,30520,650,2.1,363,11,1327,2.08,33306,31020,30520,11,10.52,49,92,-500
5/9/2025,PT. HSBS,INTI,42,24,50,2814,0,0,2952,30520,768,2.5,225,10,1272,2.06,33306,31150,30520,12,10.34,42,92,-630
5/10/2025,PT. HSBS,INTI,29,9,21,810,0,0,1035,11800,236,2,0,11,1311,2.28,33306,11830,11800,13,11.4,29,35,-30
5/11/2025,PT. HSBS,INTI,0,0,0,0,0,0,0,0,0,0,0,0,0,0,0,0,0,14,0,0,0,0
5/12/2025,PT. HSBS,INTI,39,20,53,2756,0,0,2359,29290,585,2,397,12,1465,2.64,0,29620,29290,12,12.42,39,0,-330
5/13/2025,PT. HSBS,INTI,38,20,40,2079,0,0,2476,33320,1068,3.2,0,13,1666,2.01,33306,33960,33320,9,13.46,38,100,-640
5/14/2025,PT. HSBS,INTI,42,23,52,2907,0,0,2646,31470,966,3.1,261,12,1368,2.25,33306,31660,31470,10,11.89,42,94,-190
5/15/2025,PT. HSBS,INTI,31,20,50,2085,0,0,2254,25780,808,3.1,92,11,1289,2.48,33306,25930,25780,11,11.44,31,77,-150
5/16/2025,PT. HSBS,INTI,37,22,40,2013,0,0,2105,20450,527,2.6,0,10,930,1.83,33306,20680,20450,11,9.71,37,61,-230
5/17/2025,PT. HSBS,INTI,0,0,0,0,0,0,0,0,0,0,0,0,0,0,33306,0,0,12,0,0,0,0
5/18/2025,PT. HSBS,INTI,0,0,0,0,0,0,0,0,0,0,0,0,0,0,0,0,0,12,0,0,0,0
5/19/2025,PT. HSBS,INTI,46,21,40,2524,0,0,2524,30130,917,3,0,12,1435,1.93,33306,30630,30130,12,11.94,46,90,-500
5/20/2025,PT. HSBS,INTI,38,9,24,1224,0,0,1224,14450,359,2.5,0,12,1606,2.67,33306,14540,14450,13,11.81,38,43,-90
5/21/2025,PT. HSBS,INTI,54,23,43,3120,0,0,2813,33130,759,2.3,307,12,1440,1.86,33306,33630,33130,14,11.78,54,99,-500
5/22/2025,PT. HSBS,INTI,45,22,43,2624,0,0,2811,36850,1147,3.1,120,13,1675,1.97,33306,37360,36850,15,13.11,45,111,-510
5/23/2025,PT. HSBS,INTI,65,18,27,2373,0,0,2317,23750,475,2,176,10,1319,1.51,33306,24240,23750,16,10.25,65,71,-490
5/24/2025,PT. HSBS,INTI,40,25,48,2624,0,0,2800,36640,732,2,0,13,1466,1.93,33306,36900,36640,13,13.09,40,110,-260
5/25/2025,PT. HSBS,INTI,48,15,24,1554,0,0,1453,16490,330,2,101,11,1099,1.59,0,16820,16490,14,11.35,48,0,-330
5/26/2025,PT. HSBS,INTI,45,20,36,2168,0,0,1962,24170,528,2.2,307,12,1209,1.79,33306,24560,24170,13,12.32,45,73,-390
5/27/2025,PT. HSBS,INTI,38,25,56,2909,0,0,2956,36020,720,2,260,12,1441,2.24,33306,36360,36020,13,12.19,38,108,-340
5/28/2025,PT. HSBS,INTI,40,17,39,2132,0,0,2392,28020,560,2,0,12,1648,2.32,33306,28380,28020,14,11.71,40,84,-360
5/29/2025,PT. HSBS,INTI,44,11,26,1527,0,0,1527,14450,366,2.5,0,9,1314,2.34,0,14590,14450,11,9.46,44,0,-140
5/30/2025,PT. HSBS,INTI,41,18,35,1956,0,0,1685,19280,454,2.4,271,11,1071,1.94,33306,19520,19280,12,11.44,41,58,-240
5/31/2025,PT. HSBS,INTI,33,23,48,2137,0,0,2278,26260,600,2.3,130,12,1142,2.09,33306,26440,26260,11,11.53,33,79,-180
6/1/2025,PT. HSBS,INTI,0,0,0,0,0,0,0,0,0,0,130,0,0,0,0,0,0,12,0,0,0,0
6/2/2025,PT. HSBS,INTI,43,18,35,1994,1893,10,1903,21370,510,2.4,221,11,1187,1.93,39099,21630,21370,11,11.23,43,55,-260
6/3/2025,PT. HSBS,INTI,49,19,35,2293,2112,17,2129,26790,617,2.3,385,13,1410,1.83,39099,27190,26790,11,12.58,49,69,-400
6/4/2025,PT. HSBS,INTI,44,20,42,2478,2850,13,2863,33960,827,2.4,0,12,1698,2.09,39099,34250,33960,12,11.86,44,87,-290
6/5/2025,PT. HSBS,INTI,24,21,49,1560,1539,21,1560,19850,397,2,0,13,945,2.32,39099,20010,19850,13,12.72,24,51,-160
6/6/2025,PT. HSBS,INTI,0,0,0,0,0,0,0,25300,611,2.4,0,0,0,0,0,25780,25300,14,0,0,0,-480
6/7/2025,PT. HSBS,INTI,34,9,18,833,524,15,539,20800,417,2,294,39,2311,2.03,39099,21080,20800,13,38.59,34,53,-280
6/8/2025,PT. HSBS,INTI,36,17,36,1746,1899,17,1916,0,0,0,124,0,0,2.1,0,26400,0,13,0,36,0,-26400
6/9/2025,PT. HSBS,INTI,36,22,55,2622,2544,15,2559,0,0,0,187,0,0,2.49,39099,0,0,14,0,36,0,0
3/1/2025,PT. HSBS,PLASMA,0,0,0,0,0,0,669,10830,285,2.6,0,16,0,0,22595,10990,10830,11,16.19,0,48,-160
3/2/2025,PT. HSBS,PLASMA,0,0,0,0,0,0,0,0,0,0,0,0,0,0,0,0,0,12,0,0,0,0
3/3/2025,PT. HSBS,PLASMA,41,22,51.17,2876,0,0,2851,43040,940,2.2,25,15,1956,2.33,22595,43280,43040,13,15.1,41,190,-240
3/4/2025,PT. HSBS,PLASMA,41,22,47.6,2644,0,0,2529,39780,1126,2.8,140,16,1808,2.16,22595,40310,39780,12,15.73,41,176,-530
3/5/2025,PT. HSBS,PLASMA,43,21,38.94,2264,0,0,2404,41300,979,2.4,0,17,2015,1.9,22595,41790,41300,10,17.18,43,183,-490
3/6/2025,PT. HSBS,PLASMA,28,21,52.1,1966,0,0,1966,33120,823,2.5,0,17,1577,2.48,22595,33640,33120,9,16.85,28,147,-520
3/7/2025,PT. HSBS,PLASMA,29,21,64.09,2539,0,0,2523,36360,957,2.6,16,14,1731,3.05,22595,37040,36360,10,14.41,29,161,-680
3/8/2025,PT. HSBS,PLASMA,0,0,0,0,0,0,0,0,0,0,16,0,0,0,22595,0,0,11,0,0,0,0
3/9/2025,PT. HSBS,PLASMA,0,0,0,0,0,0,0,0,0,0,16,0,0,0,0,0,0,12,0,0,0,0
3/10/2025,PT. HSBS,PLASMA,35,21,67.85,3260,0,0,3162,48870,977,2,114,15,2384,3.31,22595,49320,48870,12,15.46,35,216,-450
3/11/2025,PT. HSBS,PLASMA,40,22,48.52,2669,0,0,2783,45840,1701,3.7,0,16,2084,2.21,22595,46480,45840,12,16.47,40,203,-640
3/12/2025,PT. HSBS,PLASMA,41,20,55.18,3061,0,0,3061,46960,1056,2.2,0,15,2348,2.76,22595,47790,46960,10,15.34,41,208,-830
3/13/2025,PT. HSBS,PLASMA,37,22,54.66,2768,0,0,2768,41590,975,2.3,0,15,1890,2.48,22595,42500,41590,9,15.03,37,184,-910
3/14/2025,PT. HSBS,PLASMA,42,20,36.1,2042,0,0,2042,35580,1155,3.2,0,17,1779,1.81,22595,35940,35580,10,17.42,42,157,-360
3/15/2025,PT. HSBS,PLASMA,0,0,0,0,0,0,0,0,0,0,0,0,0,0,22595,0,0,11,0,0,0,0
3/16/2025,PT. HSBS,PLASMA,45,19,46.17,2797,0,0,2797,45950,919,2,0,16,2418,2.43,0,46910,45950,12,16.43,45,0,-960
3/17/2025,PT. HSBS,PLASMA,34,20,68.49,3208,0,0,3143,45580,912,2,65,15,2279,3.42,22595,46200,45580,12,14.5,34,202,-620
3/18/2025,PT. HSBS,PLASMA,34,21,63.84,2920,0,0,2803,44800,969,2.2,182,16,2133,3.04,22595,45300,44800,13,15.98,34,198,-500
3/19/2025,PT. HSBS,PLASMA,41,20,39.76,2200,0,0,2272,36280,1184,3.3,110,16,1814,1.99,22595,36950,36280,10,15.97,41,161,-670
3/20/2025,PT. HSBS,PLASMA,43,19,40.71,2379,0,0,1580,36940,813,2.2,909,23,1944,2.14,22595,37520,36940,11,23.38,43,163,-580
3/21/2025,PT. HSBS,PLASMA,30,16,41.57,1718,0,0,2563,28130,715,2.5,64,11,1758,2.6,22595,28630,28130,12,10.98,30,124,-500
3/22/2025,PT. HSBS,PLASMA,34,16,30.46,1407,0,0,1401,22340,446,2,70,16,1396,1.9,22595,22610,22340,12,15.95,34,99,-270
3/23/2025,PT. HSBS,PLASMA,0,0,0,0,0,0,0,0,0,0,70,0,0,0,0,0,0,13,0,0,0,0
3/24/2025,PT. HSBS,PLASMA,27,15,44.79,1671,0,0,981,27710,627,2.3,760,28,1847,2.99,22595,28250,27710,14,28.25,27,123,-540
3/25/2025,PT. HSBS,PLASMA,52,13,28.56,2008,0,0,2768,34270,685,2,0,12,2636,2.2,22595,34690,34270,14,12.38,52,152,-420
3/26/2025,PT. HSBS,PLASMA,39,14,29.87,1589,0,0,1589,27410,548,2,0,17,1958,2.13,22595,27940,27410,14,17.25,39,121,-530
3/27/2025,PT. HSBS,PLASMA,46,6,8.2,514,0,0,514,9390,188,2,0,18,1565,1.37,22595,9440,9390,15,18.27,46,42,-50
3/28/2025,PT. HSBS,PLASMA,0,0,0,0,0,0,0,0,0,0,0,0,0,0,0,0,0,16,0,0,0,0
3/29/2025,PT. HSBS,PLASMA,0,0,0,0,0,0,0,0,0,0,0,0,0,0,0,0,0,17,0,0,0,0
3/30/2025,PT. HSBS,PLASMA,0,0,0,0,0,0,0,0,0,0,0,0,0,0,0,0,0,18,0,0,0,0
3/31/2025,PT. HSBS,PLASMA,0,0,0,0,0,0,0,0,0,0,0,0,0,0,0,0,0,19,0,0,0,0
4/1/2025,PT. HSBS,PLASMA,0,0,0,0,0,0,0,0,0,0,0,0,0,0,0,0,0,20,0,0,0,0
4/2/2025,PT. HSBS,PLASMA,0,0,0,0,0,0,0,0,0,0,0,0,0,0,0,0,0,21,0,0,0,0
4/3/2025,PT. HSBS,PLASMA,42,12,35.94,2028,0,0,2028,24770,571,2.3,0,12,2064,3,0,25110,24770,22,12.21,42,0,-340
4/4/2025,PT. HSBS,PLASMA,64,13,28.14,2462,0,0,2462,28800,576,2,0,12,2215,2.16,28346,29230,28800,23,11.7,64,102,-430
4/5/2025,PT. HSBS,PLASMA,68,14,21.24,1958,0,0,1958,27410,847,3.1,0,14,1958,1.52,28346,27870,27410,24,14,68,97,-460
4/6/2025,PT. HSBS,PLASMA,60,13,25.1,2039,0,0,1683,26790,535,2,356,16,2061,1.93,0,27300,26790,25,15.92,60,0,-510
4/7/2025,PT. HSBS,PLASMA,68,16,28.12,2607,0,0,2963,46330,1116,2.4,0,16,2896,1.76,28346,46880,46330,22,15.64,68,163,-550
4/8/2025,PT. HSBS,PLASMA,70,13,26.11,2474,0,0,2232,31130,784,2.5,242,14,2395,2.01,28346,31530,31130,23,13.95,70,110,-400
4/9/2025,PT. HSBS,PLASMA,68,15,26.12,2403,0,0,2645,41380,828,2,0,16,2759,1.74,28346,42150,41380,24,15.64,68,146,-770
4/10/2025,PT. HSBS,PLASMA,78,15,23.74,2504,0,0,2504,36880,894,2.4,0,15,2459,1.58,28346,36750,36880,25,14.73,78,130,130
4/11/2025,PT. HSBS,PLASMA,70,13,24.07,2294,0,0,2226,33630,672,2,68,15,2587,1.85,28346,33620,33630,26,15.11,70,119,10
4/12/2025,PT. HSBS,PLASMA,47,13,22.81,1444,0,0,1262,20380,492,2.4,250,16,1568,1.75,28346,20030,20380,25,16.15,47,72,350
4/13/2025,PT. HSBS,PLASMA,78,8,12.28,1304,0,0,1362,22670,812,3.6,192,17,2834,1.54,0,22520,22670,26,16.64,78,0,150
4/14/2025,PT. HSBS,PLASMA,60,6,17.29,1413,0,0,1605,25600,511,2,0,16,4267,2.88,28346,25700,25600,27,15.95,60,90,-100
4/15/2025,PT. HSBS,PLASMA,70,16,30.14,2852,0,0,2852,44870,974,2.2,0,16,2804,1.88,28346,44900,44870,28,15.73,70,158,-30
4/16/2025,PT. HSBS,PLASMA,89,16,22.25,2675,0,0,2675,36930,1232,3.3,0,14,2308,1.39,28346,36970,36930,23,13.81,89,130,-40
4/17/2025,PT. HSBS,PLASMA,146,16,11.52,2283,0,0,2283,34930,765,2.2,0,15,2183,0.72,28346,35030,34930,24,15.3,146,123,-100
4/18/2025,PT. HSBS,PLASMA,97,12,17.59,2319,0,0,2319,37710,754,2,0,16,3143,1.47,0,38210,37710,24,16.26,97,0,-500
4/19/2025,PT. HSBS,PLASMA,120,14,9.14,1487,0,0,1487,22320,447,2,0,15,1594,0.65,28346,21620,22320,25,15.01,120,79,700
4/20/2025,PT. HSBS,PLASMA,56,13,16.72,1267,0,0,1267,22320,696,3.1,0,18,1717,1.29,0,22140,22320,26,17.62,56,0,180
4/21/2025,PT. HSBS,PLASMA,46,19,49.62,3081,0,0,2906,34820,1215,3.5,175,12,1833,2.61,28346,35010,34820,27,11.98,46,123,-190
4/22/2025,PT. HSBS,PLASMA,46,23,57.54,3597,0,0,3772,52310,1046,2,0,14,2274,2.5,28346,52620,52310,19,13.87,46,185,-310
4/23/2025,PT. HSBS,PLASMA,55,22,45.51,3372,0,0,3072,42780,855,2,300,14,1945,2.07,28346,43030,42780,16,13.93,55,151,-250
4/24/2025,PT. HSBS,PLASMA,65,21,38.98,3433,0,0,3733,53630,1072,2,0,14,2554,1.86,28346,54090,53630,17,14.37,65,189,-460
4/25/2025,PT. HSBS,PLASMA,62,22,33.01,2785,0,0,2743,37710,754,2,42,14,1714,1.5,28346,37870,37710,16,13.75,62,133,-160
4/26/2025,PT. HSBS,PLASMA,46,21,36.82,2303,0,0,2345,37150,743,2,0,16,1769,1.75,28346,37210,37150,16,15.84,46,131,-60
4/27/2025,PT. HSBS,PLASMA,0,0,0,0,0,0,0,0,0,0,0,0,0,0,0,0,0,17,0,0,0,0
4/28/2025,PT. HSBS,PLASMA,48,20,38.31,2502,0,0,2502,41430,1041,2.5,0,17,2072,1.92,28346,41620,41430,16,16.56,48,146,-190
4/29/2025,PT. HSBS,PLASMA,39,23,46.4,2479,0,0,2401,39960,800,2,78,17,1737,2.02,28346,40220,39960,16,16.64,39,141,-260
4/30/2025,PT. HSBS,PLASMA,25,22,66.68,2271,0,0,2349,21270,425,2,0,9,967,3.03,28346,21330,21270,17,9.05,25,75,-60
5/1/2025,PT. HSBS,PLASMA,0,0,0,0,0,0,0,8220,164,2,0,0,0,0,0,8360,8220,18,0,0,0,-140
5/2/2025,PT. HSBS,PLASMA,37,21,61.42,3053,0,0,2929,39860,961,2.4,124,14,1898,2.92,34645,48140,39860,19,13.61,37,115,-8280
5/3/2025,PT. HSBS,PLASMA,0,23,54.21,2403,0,0,2492,38490,771,2,35,15,1673,2.36,34645,38500,38490,20,15.45,0,111,-10
5/4/2025,PT. HSBS,PLASMA,0,0,0,0,0,0,0,0,0,0,35,0,0,0,0,0,0,21,0,0,0,0
5/5/2025,PT. HSBS,PLASMA,34,22,54.26,2489,0,0,2524,39810,797,2,0,16,1810,2.47,34645,39770,39810,13,15.77,34,115,40
5/6/2025,PT. HSBS,PLASMA,29,22,37.08,2043,0,0,2043,30680,614,2,0,15,1395,1.69,34645,30800,30680,11,15.02,29,89,-120
5/7/2025,PT. HSBS,PLASMA,22,17,39.73,1174,0,0,1119,18520,516,2.8,55,17,1089,2.34,34645,18400,18520,12,16.55,22,53,120
5/8/2025,PT. HSBS,PLASMA,31,19,40.19,1703,0,0,1758,30710,783,2.5,0,17,1616,2.12,34645,30780,30710,13,17.47,31,89,-70
5/9/2025,PT. HSBS,PLASMA,25,19,67.29,2266,0,0,2266,31960,956,3,0,14,1682,3.54,34645,32050,31960,11,14.1,25,92,-90
5/10/2025,PT. HSBS,PLASMA,0,0,0,0,0,0,0,0,0,0,0,0,0,0,34645,0,0,12,0,0,0,0
5/11/2025,PT. HSBS,PLASMA,0,0,0,0,0,0,0,0,0,0,0,0,0,0,0,0,0,13,0,0,0,0
5/12/2025,PT. HSBS,PLASMA,30,19,51.19,2068,0,0,2068,33630,672,2,0,16,1770,2.69,0,33850,33630,14,16.26,30,0,-220
5/13/2025,PT. HSBS,PLASMA,31,22,54.73,2326,0,0,2326,36450,1345,3.7,0,16,1657,2.49,34645,36380,36450,12,15.67,31,105,70
5/14/2025,PT. HSBS,PLASMA,25,21,65.91,2200,0,0,2135,32550,1072,3.3,65,15,1550,3.14,34645,32780,32540,10,15.25,25,94,-240
5/15/2025,PT. HSBS,PLASMA,27,22,47.38,1764,0,0,1829,28520,571,2,0,16,1296,2.15,34645,28600,28520,11,15.59,27,82,-80
5/16/2025,PT. HSBS,PLASMA,25,21,49.14,1695,0,0,1695,27380,547,2,0,16,1304,2.34,34645,27600,27380,11,16.15,25,79,-220
5/17/2025,PT. HSBS,PLASMA,33,21,30.05,1341,0,0,1341,20550,488,2.4,0,15,979,1.43,34645,20600,20600,10,15.32,33,59,0
5/18/2025,PT. HSBS,PLASMA,0,0,0,0,0,0,0,0,0,0,0,0,0,0,0,0,0,11,0,0,0,0
5/19/2025,PT. HSBS,PLASMA,25,15,16.06,537,0,0,438,7880,236,3,99,18,525,1.07,34645,7980,7880,12,17.99,25,23,-100
5/20/2025,PT. HSBS,PLASMA,0,0,0,0,0,0,0,0,0,0,99,0,0,0,34645,0,0,13,0,0,0,0
5/21/2025,PT. HSBS,PLASMA,33,22,70.88,3130,0,0,2819,37840,855,2.3,410,13,1720,3.22,34645,38520,37840,14,13.42,33,109,-680
5/22/2025,PT. HSBS,PLASMA,33,22,54.54,2428,0,0,2568,37700,1665,4.4,270,15,1714,2.48,34645,37630,37700,15,14.68,33,109,70
5/23/2025,PT. HSBS,PLASMA,31,22,61.04,2536,0,0,2806,43640,873,2,0,16,1984,2.77,34645,43680,43640,16,15.55,31,126,-40
5/24/2025,PT. HSBS,PLASMA,21,19,43.19,1245,0,0,1245,19070,633,3.3,0,15,1004,2.27,34645,19040,19070,17,15.32,21,55,30
5/25/2025,PT. HSBS,PLASMA,23,9,32.76,1033,0,0,835,12980,308,2.4,198,16,1442,3.64,0,12940,12980,18,15.54,23,0,40
5/26/2025,PT. HSBS,PLASMA,22,22,64.2,1909,0,0,1889,29040,580,2,218,15,1320,2.92,34645,28840,29040,19,15.37,22,84,200
5/27/2025,PT. HSBS,PLASMA,25,21,46.07,1554,0,0,1676,27220,544,2,96,16,1296,2.19,34645,27050,27220,20,16.24,25,79,170
5/28/2025,PT. HSBS,PLASMA,27,22,50.39,1879,0,0,1851,30090,601,2,124,16,1368,2.29,34645,29940,30090,12,16.26,27,87,150
5/29/2025,PT. HSBS,PLASMA,20,21,62.65,1709,0,0,1627,20740,572,2.8,206,13,988,2.98,0,20830,20740,8,12.75,20,0,-90
5/30/2025,PT. HSBS,PLASMA,19,19,59.06,1553,0,0,1759,28400,568,2,0,16,1495,3.11,34645,28380,28400,8,16.15,19,82,20
5/31/2025,PT. HSBS,PLASMA,0,0,0,0,0,0,0,0,0,0,0,0,0,0,34645,0,0,9,0,0,0,0
6/1/2025,PT. HSBS,PLASMA,0,0,0,0,0,0,0,0,0,0,0,0,0,0,0,0,0,9,0,0,0,0
6/2/2025,PT. HSBS,PLASMA,28,19,59.25,2285,2225,45,2270,34850,697,2,15,15,1834,3.12,40670,34660,34850,9,15.35,28,86,190
6/3/2025,PT. HSBS,PLASMA,21,20,68.71,1914,1892,37,1929,25520,510,2,0,13,1276,3.44,40670,25450,25520,8,13.23,21,63,70
6/4/2025,PT. HSBS,PLASMA,20,20,58.4,1579,1271,26,1297,21270,574,2.7,282,16,1064,2.92,40670,21170,21270,9,16.4,20,52,100
6/5/2025,PT. HSBS,PLASMA,19,15,19.71,510,789,3,792,12920,259,2,0,16,861,1.31,40670,12780,12920,10,16.31,19,32,140
6/6/2025,PT. HSBS,PLASMA,0,0,0,0,0,0,0,0,0,0,0,0,0,0,0,0,0,11,0,0,0,0
6/7/2025,PT. HSBS,PLASMA,18,2,3.19,77,0,0,0,0,0,0,77,0,0,1.6,40670,0,0,12,0,18,0,0
6/8/2025,PT. HSBS,PLASMA,18,4,11.36,282,358,1,359,6380,128,2,0,18,1595,2.84,0,6230,6380,13,17.77,18,0,150
6/9/2025,PT. HSBS,PLASMA,33,19,37.19,1655,1642,13,1655,19500,390,2,0,12,1026,1.96,40670,27250,19500,14,11.78,33,48,-7750
3/1/2025,PT. PAL,DIVISI 1,0,0,0,0,0,0,0,0,0,0,0,0,0,0,47144,0,0,7,0,0,0,0
3/2/2025,PT. PAL,DIVISI 1,0,0,0,0,0,0,0,0,0,0,0,0,0,0,0,0,0,7,0,0,0,0
3/3/2025,PT. PAL,DIVISI 1,16,54,148,3102,3102,0,3102,65487,0,0,0,21,1213,2.74,47144,65610,65487,7,21.11,16,139,-123
3/4/2025,PT. PAL,DIVISI 1,16,47,128,2696,2696,0,2696,56913,0,0,0,21,1213,2.74,47144,57020,56913,7,21.11,16,121,-107
3/5/2025,PT. PAL,DIVISI 1,16,19,53,1116,1116,0,1116,23556,0,0,0,21,1213,2.74,47144,23600,23556,7,21.11,16,50,-44
3/6/2025,PT. PAL,DIVISI 1,16,20,56,1175,1175,0,1175,24803,0,0,0,21,1213,2.74,47144,24850,24803,7,21.11,16,53,-47
3/7/2025,PT. PAL,DIVISI 1,16,50,138,2893,2893,0,2893,61075,0,0,0,21,1213,2.74,47144,61190,61075,7,21.11,16,130,-115
3/8/2025,PT. PAL,DIVISI 1,16,44,120,2509,2509,0,2509,52960,0,0,0,21,1213,2.74,47144,53060,52960,7,21.11,16,112,-100
3/9/2025,PT. PAL,DIVISI 1,0,0,0,0,0,0,0,0,0,0,0,0,0,0,0,0,0,7,0,0,0,0
3/10/2025,PT. PAL,DIVISI 1,16,50,136,2846,2846,0,2846,60077,0,0,0,21,1213,2.74,47144,60190,60077,7,21.11,16,127,-113
3/11/2025,PT. PAL,DIVISI 1,16,40,109,2295,2295,0,2295,48449,0,0,0,21,1213,2.74,47144,48540,48449,7,21.11,16,103,-91
3/12/2025,PT. PAL,DIVISI 1,16,37,103,2152,2152,0,2152,45434,0,0,0,21,1213,2.74,47144,45520,45434,7,21.11,16,96,-86
3/13/2025,PT. PAL,DIVISI 1,16,24,66,1385,1385,0,1385,29245,0,0,0,21,1213,2.74,47144,29300,29245,7,21.12,16,62,-55
3/14/2025,PT. PAL,DIVISI 1,16,36,98,2047,2047,0,2047,43219,0,0,0,21,1213,2.74,47144,43300,43219,7,21.11,16,92,-81
3/15/2025,PT. PAL,DIVISI 1,16,53,145,3043,3043,0,3043,64229,0,0,0,21,1213,2.74,47144,64350,64229,7,21.11,16,136,-121
3/16/2025,PT. PAL,DIVISI 1,0,0,0,0,0,0,0,0,0,0,0,0,0,0,0,0,0,7,0,0,0,0
3/17/2025,PT. PAL,DIVISI 1,16,48,131,2740,2740,0,2740,57831,0,0,0,21,1213,2.74,47144,57940,57831,7,21.11,16,123,-109
3/18/2025,PT. PAL,DIVISI 1,16,48,131,2740,2740,0,2740,57851,0,0,0,21,1213,2.74,47144,57960,57851,7,21.11,16,123,-109
3/19/2025,PT. PAL,DIVISI 1,16,34,94,1969,1969,0,1969,41572,0,0,0,21,1213,2.74,47144,41650,41572,7,21.11,16,88,-78
3/20/2025,PT. PAL,DIVISI 1,16,39,107,2245,2245,0,2245,47401,0,0,0,21,1213,2.74,47144,47490,47401,7,21.11,16,101,-89
3/21/2025,PT. PAL,DIVISI 1,16,37,102,2133,2133,0,2133,45035,0,0,0,21,1213,2.74,47144,45120,45035,0,21.11,16,96,-85
3/22/2025,PT. PAL,DIVISI 1,16,43,118,2470,2470,0,2470,52132,0,0,0,21,1213,2.74,47144,52230,52132,0,21.11,16,111,-98
3/23/2025,PT. PAL,DIVISI 1,0,0,0,0,0,0,0,0,0,0,0,0,0,0,0,0,0,0,0,0,0,0
3/24/2025,PT. PAL,DIVISI 1,16,39,107,2240,2240,0,2240,47281,0,0,0,21,1213,2.74,47144,47370,47281,0,21.11,16,100,-89
3/25/2025,PT. PAL,DIVISI 1,16,43,117,2460,2460,0,2460,51922,0,0,0,21,1213,2.74,47144,52020,51922,0,21.11,16,110,-98
3/26/2025,PT. PAL,DIVISI 1,16,32,87,1833,1833,0,1833,38687,0,0,0,21,1213,2.74,47144,38760,38687,0,21.11,16,82,-73
3/27/2025,PT. PAL,DIVISI 1,16,30,82,1730,1730,0,1730,36521,0,0,0,21,1213,2.74,47144,36590,36521,0,21.11,16,77,-69
3/28/2025,PT. PAL,DIVISI 1,0,0,0,0,0,0,0,0,0,0,0,0,0,0,0,0,0,0,0,0,0,0
3/29/2025,PT. PAL,DIVISI 1,0,0,0,0,0,0,0,0,0,0,0,0,0,0,0,0,0,0,0,0,0,0
3/30/2025,PT. PAL,DIVISI 1,0,0,0,0,0,0,0,0,0,0,0,0,0,0,0,0,0,0,0,0,0,0
3/31/2025,PT. PAL,DIVISI 1,0,0,0,0,0,0,0,0,0,0,0,0,0,0,0,0,0,0,0,0,0,0
4/1/2025,PT. PAL,DIVISI 1,0,0,0,0,0,0,0,0,0,0,0,0,0,0,0,0,0,0,0,0,0,0
4/2/2025,PT. PAL,DIVISI 1,0,0,0,0,0,0,0,0,0,0,0,0,0,0,0,0,0,0,0,0,0,0
4/3/2025,PT. PAL,DIVISI 1,0,0,0,0,0,0,0,0,0,0,0,0,0,0,0,0,0,13,0,0,0,0
4/4/2025,PT. PAL,DIVISI 1,22,16,37,1146,1146,0,1146,24580,1229,5,0,21,1536,2.3,49287,24670,24580,14,21.45,22,50,-90
4/5/2025,PT. PAL,DIVISI 1,27,21,49,1838,1838,0,1838,40170,2009,5,0,22,1913,2.34,49287,40330,40170,15,21.86,27,82,-160
4/6/2025,PT. PAL,DIVISI 1,0,0,0,0,0,0,0,0,0,0,0,0,0,0,0,0,0,16,0,0,0,0
4/7/2025,PT. PAL,DIVISI 1,29,33,75,3053,3053,0,3053,68170,3424,5,0,22,2066,2.27,49287,68350,68170,16,22.33,29,138,-180
4/8/2025,PT. PAL,DIVISI 1,29,37,87,3502,3275,0,3275,71040,3553,5,227,22,1920,2.35,49287,71390,71040,17,21.69,29,144,-350
4/9/2025,PT. PAL,DIVISI 1,29,35,94,3754,3750,0,3750,80790,4040,5,231,22,2308,2.67,49287,82030,80790,15,21.54,29,164,-1240
4/10/2025,PT. PAL,DIVISI 1,30,36,89,3721,3066,0,3066,71200,3559,5,886,23,1978,2.46,49287,71530,71200,17,23.22,30,144,-330
4/11/2025,PT. PAL,DIVISI 1,21,32,71,2050,2936,0,2936,69650,3513,5,0,24,2177,2.21,49287,69820,69650,18,23.72,21,141,-170
4/12/2025,PT. PAL,DIVISI 1,29,34,99,4002,3758,0,3758,85480,4307,5,244,23,2514,2.9,49287,85620,85480,17,22.75,29,173,-140
4/13/2025,PT. PAL,DIVISI 1,31,31,88,3894,3759,0,3759,85840,4292,5,379,23,2769,2.85,0,85960,85840,17,22.84,31,0,-120
4/14/2025,PT. PAL,DIVISI 1,28,35,98,3845,4224,0,4224,88240,4412,5,0,21,2521,2.81,49287,88590,88240,10,20.89,28,179,-350
4/15/2025,PT. PAL,DIVISI 1,16,29,99,2200,2200,0,2200,48550,2524,5.2,0,22,1674,3.42,49287,48740,48550,8,22.07,16,99,-190
4/16/2025,PT. PAL,DIVISI 1,15,35,79,1648,1648,0,1648,34920,1789,5.1,0,21,998,2.26,49287,34920,34920,8,21.19,15,71,0
4/17/2025,PT. PAL,DIVISI 1,18,36,87,2236,2236,0,2236,53980,2740,5.1,0,24,1499,2.43,49287,54170,53980,8,24.14,18,110,-190
4/18/2025,PT. PAL,DIVISI 1,13,27,79,1470,1470,0,1470,36600,1830,5,0,25,1356,2.92,0,36680,36600,8,24.9,13,0,-80
4/19/2025,PT. PAL,DIVISI 1,14,32,97,1840,1840,0,1840,45630,2283,5,0,25,1426,3.03,49287,45530,45630,9,24.8,14,93,100
4/20/2025,PT. PAL,DIVISI 1,0,0,0,0,0,0,0,0,0,0,0,0,0,0,0,0,0,9,0,0,0,0
4/21/2025,PT. PAL,DIVISI 1,0,0,0,0,0,0,0,0,0,0,0,0,0,0,49287,0,0,10,0,0,0,0
4/22/2025,PT. PAL,DIVISI 1,21,35,123,3557,3557,0,3557,78080,3905,5,0,22,2231,3.52,49287,78270,78080,10,21.95,21,158,-190
4/23/2025,PT. PAL,DIVISI 1,23,40,117,3792,3792,0,3792,84310,4217,5,0,22,2108,2.93,49287,84420,84310,10,22.23,23,171,-110
4/24/2025,PT. PAL,DIVISI 1,20,36,114,3158,3158,0,3158,64690,3233,5,0,20,1797,3.15,49287,64760,64690,9,20.48,20,131,-70
4/25/2025,PT. PAL,DIVISI 1,13,34,73,1319,1319,0,1319,31840,1593,5,0,24,936,2.16,49287,31960,31840,9,24.14,13,65,-120
4/26/2025,PT. PAL,DIVISI 1,9,34,72,918,918,0,918,23110,1155,5,0,25,680,2.11,49287,23240,23110,9,25.17,9,47,-130
4/27/2025,PT. PAL,DIVISI 1,0,0,0,0,0,0,0,0,0,0,0,0,0,0,0,0,0,10,0,0,0,0
4/28/2025,PT. PAL,DIVISI 1,13,38,116,2175,2175,0,2175,53110,2654,5,0,24,1398,3.06,49287,53260,53110,10,24.42,13,108,-150
4/29/2025,PT. PAL,DIVISI 1,16,39,128,2877,2877,0,2877,66030,3329,5,0,23,1693,3.28,49287,66100,66030,10,22.95,16,134,-70
4/30/2025,PT. PAL,DIVISI 1,16,35,119,2720,2720,0,2720,59800,2990,5,0,22,1709,3.41,49287,59890,59800,7,21.99,16,121,-90
5/1/2025,PT. PAL,DIVISI 1,17,38,134,3123,3123,0,3123,67060,3431,5.1,0,21,1765,3.52,0,67180,67060,7,21.47,17,0,-120
5/2/2025,PT. PAL,DIVISI 1,16,33,87,1985,1985,0,1985,43410,2170,5,0,22,1315,2.63,52710,43560,43410,7,21.87,16,82,-150
5/3/2025,PT. PAL,DIVISI 1,9,34,65,777,777,0,777,21230,1061,5,0,27,624,1.91,52710,21340,21230,7,27.32,9,40,-110
5/4/2025,PT. PAL,DIVISI 1,0,0,0,0,0,0,0,0,0,0,0,0,0,0,0,0,0,8,0,0,0,0
5/5/2025,PT. PAL,DIVISI 1,10,39,89,1257,1257,0,1257,33490,1674,5,0,27,859,2.28,52710,33640,33490,7,26.64,10,64,-150
5/6/2025,PT. PAL,DIVISI 1,15,36,135,2919,2919,0,2919,67790,3388,5,0,23,1883,3.75,52710,67960,67790,7,23.22,15,129,-170
5/7/2025,PT. PAL,DIVISI 1,14,40,148,2820,2820,0,2820,66300,3387,5.1,0,24,1658,3.7,52710,66310,66300,7,23.51,14,126,-10
5/8/2025,PT. PAL,DIVISI 1,15,40,135,2854,2854,0,2854,62020,3101,5,0,22,1551,3.37,52710,62210,62020,7,21.73,15,118,-190
5/9/2025,PT. PAL,DIVISI 1,19,37,111,2957,2957,0,2957,66470,3326,5,0,22,1796,2.99,52710,66570,66470,6,22.48,19,126,-100
5/10/2025,PT. PAL,DIVISI 1,8,35,74,858,858,0,858,23050,1169,5.1,0,27,659,2.11,52710,23220,23050,5,26.86,8,44,-170
5/11/2025,PT. PAL,DIVISI 1,0,0,0,0,0,0,0,0,0,0,0,0,0,0,0,0,0,0,0,0,0,0
5/12/2025,PT. PAL,DIVISI 1,9,37,79,1018,1018,0,1018,28390,1419,5,0,28,767,2.14,0,28500,28390,6,27.89,9,0,-110
5/13/2025,PT. PAL,DIVISI 1,15,35,141,3040,3040,0,3040,72270,3687,5.1,0,24,2065,4.03,52710,72490,72270,6,23.77,15,137,-220
5/14/2025,PT. PAL,DIVISI 1,15,36,143,2926,2926,0,2926,69400,3469,5,0,24,1928,3.98,52710,69550,69400,6,23.72,15,132,-150
5/15/2025,PT. PAL,DIVISI 1,0,0,0,0,0,0,0,0,0,0,0,0,0,0,52710,0,0,7,0,0,0,0
5/16/2025,PT. PAL,DIVISI 1,17,40,129,3012,3012,0,3012,66440,3428,5.2,0,22,1661,3.22,52710,66450,66440,7,22.06,17,126,-10
5/17/2025,PT. PAL,DIVISI 1,18,40,116,3005,3005,0,3005,64770,3241,5,0,22,1619,2.91,52710,64900,64770,7,21.55,18,123,-130
5/18/2025,PT. PAL,DIVISI 1,0,0,0,0,0,0,0,0,0,0,0,0,0,0,0,0,0,8,0,0,0,0
5/19/2025,PT. PAL,DIVISI 1,10,40,74,1018,1018,0,1018,28820,1484,5.1,0,28,721,1.85,52710,28940,28820,7,28.31,10,55,-120
5/20/2025,PT. PAL,DIVISI 1,7,37,80,747,747,0,747,20920,1046,5,0,28,565,2.16,52710,21020,20920,7,28.01,7,40,-100
5/21/2025,PT. PAL,DIVISI 1,12,41,150,2431,2431,0,2431,57670,2921,5.1,0,24,1407,3.66,52710,57780,57670,7,23.72,12,109,-110
5/22/2025,PT. PAL,DIVISI 1,12,39,134,2264,2264,0,2264,53130,2685,5.1,0,23,1362,3.44,52710,53200,53130,6,23.47,12,101,-70
5/23/2025,PT. PAL,DIVISI 1,12,41,131,2225,2225,0,2225,49150,2457,5,0,22,1199,3.19,52710,49320,49150,6,22.09,12,93,-170
5/24/2025,PT. PAL,DIVISI 1,15,39,107,2205,2205,0,2205,46720,2337,5,0,21,1198,2.73,52710,46850,46720,5,21.19,15,89,-130
5/25/2025,PT. PAL,DIVISI 1,0,0,0,0,0,0,0,0,0,0,0,0,0,0,0,0,0,6,0,0,0,0
5/26/2025,PT. PAL,DIVISI 1,8,32,68,730,730,0,730,20110,1070,5.3,0,28,628,2.12,52710,20340,20110,6,27.55,8,38,-230
5/27/2025,PT. PAL,DIVISI 1,8,36,90,1016,1016,0,1016,26800,1474,5.5,0,26,744,2.5,52710,26980,26800,6,26.38,8,51,-180
5/28/2025,PT. PAL,DIVISI 1,13,35,143,2530,2530,0,2530,61310,3096,5,0,24,1752,4.09,52710,61410,61310,7,24.23,13,116,-100
5/29/2025,PT. PAL,DIVISI 1,0,0,0,0,0,0,0,0,0,0,0,0,0,0,0,0,0,8,0,0,0,0
5/30/2025,PT. PAL,DIVISI 1,0,0,0,0,0,0,0,0,0,0,0,0,0,0,52710,0,0,9,0,0,0,0
5/31/2025,PT. PAL,DIVISI 1,16,40,144,3214,3214,0,3214,76000,3840,5.1,0,24,1900,3.6,52710,76130,76000,8,23.65,16,144,-130
6/1/2025,PT. PAL,DIVISI 1,17,37,123,2962,2962,0,2962,67520,3478,5.2,0,23,1825,3.32,0,67690,67520,8,22.8,17,0,-170
6/2/2025,PT. PAL,DIVISI 1,20,39,120,3407,3407,0,3407,74410,3786,5.1,0,22,1908,3.07,62859,74510,74410,7,21.84,20,118,-100
6/3/2025,PT. PAL,DIVISI 1,8,37,73,801,801,0,801,21770,1088,5,0,27,588,1.97,62859,21920,21770,7,27.18,8,35,-150
6/4/2025,PT. PAL,DIVISI 1,8,41,80,944,944,0,944,26150,1334,5.1,0,28,638,1.95,62859,26390,26150,7,27.7,8,42,-240
6/5/2025,PT. PAL,DIVISI 1,13,41,146,2622,2622,0,2622,62610,3258,5.2,0,24,1527,3.57,62859,62730,62610,5,23.88,13,100,-120
6/6/2025,PT. PAL,DIVISI 1,0,0,0,0,0,0,0,0,0,0,0,0,0,0,0,0,0,6,0,0,0,0
6/7/2025,PT. PAL,DIVISI 1,13,35,137,2401,2401,0,2401,56260,2812,5,0,23,1607,3.91,62859,56320,56260,7,23.43,13,90,-60
6/8/2025,PT. PAL,DIVISI 1,0,0,0,0,0,0,0,0,0,0,0,0,0,0,0,0,0,7,0,0,0,0
6/9/2025,PT. PAL,DIVISI 1,15,39,132,2761,2761,0,2761,60130,3175,5.3,0,22,1542,3.38,62859,60280,60130,7,21.78,15,96,-150
3/1/2025,PT. PAL,DIVISI 2,0,0,0,0,0,0,0,0,0,0,0,0,0,0,39687,0,0,7,0,0,0,0
3/2/2025,PT. PAL,DIVISI 2,0,0,0,0,0,0,0,0,0,0,0,0,0,0,0,0,0,7,0,0,0,0
3/3/2025,PT. PAL,DIVISI 2,13,25,86,1410,1410,0,1410,31551,0,0,0,22,1274,3.47,39687,31610,31551,7,22.38,13,79,-59
3/4/2025,PT. PAL,DIVISI 2,13,26,89,1464,1464,0,1464,32748,0,0,0,22,1274,3.47,39687,32810,32748,7,22.37,13,83,-62
3/5/2025,PT. PAL,DIVISI 2,13,31,107,1756,1756,0,1756,39286,0,0,0,22,1274,3.47,39687,39360,39286,7,22.37,13,99,-74
3/6/2025,PT. PAL,DIVISI 2,13,25,86,1405,1405,0,1405,31441,0,0,0,22,1274,3.47,39687,31500,31441,7,22.38,13,79,-59
3/7/2025,PT. PAL,DIVISI 2,13,23,80,1311,1311,0,1311,29325,0,0,0,22,1274,3.47,39687,29380,29325,7,22.37,13,74,-55
3/8/2025,PT. PAL,DIVISI 2,13,26,91,1502,1502,0,1502,33597,0,0,0,22,1274,3.47,39687,33660,33597,7,22.37,13,85,-63
3/9/2025,PT. PAL,DIVISI 2,0,0,0,0,0,0,0,0,0,0,0,0,0,0,0,0,0,7,0,0,0,0
3/10/2025,PT. PAL,DIVISI 2,13,25,87,1426,1426,0,1426,31910,0,0,0,22,1274,3.47,39687,31970,31910,7,22.38,13,80,-60
3/11/2025,PT. PAL,DIVISI 2,13,26,89,1453,1453,0,1453,32509,0,0,0,22,1274,3.47,39687,32570,32509,7,22.37,13,82,-61
3/12/2025,PT. PAL,DIVISI 2,13,32,111,1820,1820,0,1820,40713,0,0,0,22,1274,3.47,39687,40790,40713,7,22.37,13,103,-77
3/13/2025,PT. PAL,DIVISI 2,13,28,97,1587,1587,0,1587,35513,0,0,0,22,1274,3.47,39687,35580,35513,7,22.38,13,89,-67
3/14/2025,PT. PAL,DIVISI 2,13,26,89,1469,1469,0,1469,32858,0,0,0,22,1274,3.47,39687,32920,32858,7,22.37,13,83,-62
3/15/2025,PT. PAL,DIVISI 2,13,33,113,1854,1854,0,1854,41472,0,0,0,22,1274,3.47,39687,41550,41472,7,22.37,13,104,-78
3/16/2025,PT. PAL,DIVISI 2,0,0,0,0,0,0,0,0,0,0,0,0,0,0,0,0,0,7,0,0,0,0
3/17/2025,PT. PAL,DIVISI 2,13,32,110,1799,1799,0,1799,40244,0,0,0,22,1274,3.47,39687,40320,40244,7,22.37,13,101,-76
3/18/2025,PT. PAL,DIVISI 2,13,28,98,1601,1601,0,1601,35813,0,0,0,22,1274,3.47,39687,35880,35813,7,22.37,13,90,-67
3/19/2025,PT. PAL,DIVISI 2,13,32,110,1799,1799,0,1799,40244,0,0,0,22,1274,3.47,39687,40320,40244,7,22.37,13,101,-76
3/20/2025,PT. PAL,DIVISI 2,13,35,123,2011,2011,0,2011,44995,0,0,0,22,1274,3.47,39687,45080,44995,7,22.37,13,113,-85
3/21/2025,PT. PAL,DIVISI 2,13,28,98,1612,1612,0,1612,36052,0,0,0,22,1274,3.47,39687,36120,36052,0,22.36,13,91,-68
3/22/2025,PT. PAL,DIVISI 2,13,23,80,1311,1311,0,1311,29335,0,0,0,22,1274,3.47,39687,29390,29335,0,22.38,13,74,-55
3/23/2025,PT. PAL,DIVISI 2,0,0,0,0,0,0,0,0,0,0,0,0,0,0,0,0,0,0,0,0,0,0
3/24/2025,PT. PAL,DIVISI 2,13,26,90,1477,1477,0,1477,33048,0,0,0,22,1274,3.47,39687,33110,33048,0,22.38,13,83,-62
3/25/2025,PT. PAL,DIVISI 2,13,20,70,1151,1151,0,1151,25742,0,0,0,22,1274,3.47,39687,25790,25742,0,22.36,13,65,-48
3/26/2025,PT. PAL,DIVISI 2,13,25,88,1442,1442,0,1442,32259,0,0,0,22,1274,3.47,39687,32320,32259,0,22.37,13,81,-61
3/27/2025,PT. PAL,DIVISI 2,13,16,54,886,886,0,886,19823,0,0,0,22,1274,3.47,39687,19860,19823,0,22.37,13,50,-37
3/28/2025,PT. PAL,DIVISI 2,0,0,0,0,0,0,0,0,0,0,0,0,0,0,0,0,0,0,0,0,0,0
3/29/2025,PT. PAL,DIVISI 2,0,0,0,0,0,0,0,0,0,0,0,0,0,0,0,0,0,0,0,0,0,0
3/30/2025,PT. PAL,DIVISI 2,0,0,0,0,0,0,0,0,0,0,0,0,0,0,0,0,0,0,0,0,0,0
3/31/2025,PT. PAL,DIVISI 2,0,0,0,0,0,0,0,0,0,0,0,0,0,0,0,0,0,0,0,0,0,0
4/1/2025,PT. PAL,DIVISI 2,0,0,0,0,0,0,0,0,0,0,0,0,0,0,0,0,0,0,0,0,0,0
4/2/2025,PT. PAL,DIVISI 2,0,0,0,0,0,0,0,0,0,0,0,0,0,0,0,0,0,0,0,0,0,0
4/3/2025,PT. PAL,DIVISI 2,14,7,31,631,631,0,631,16310,816,5,0,26,2330,4.45,0,16340,16310,13,25.85,14,0,-30
4/4/2025,PT. PAL,DIVISI 2,25,15,37,1284,1284,0,1284,32270,1614,5,0,25,2151,2.49,41491,32330,32270,13,25.13,25,78,-60
4/5/2025,PT. PAL,DIVISI 2,23,16,58,1848,1848,0,1848,45620,2282,5,0,25,2851,3.63,41491,45830,45620,14,24.69,23,110,-210
4/6/2025,PT. PAL,DIVISI 2,0,0,0,0,0,0,0,0,0,0,0,0,0,0,0,0,0,16,0,0,0,0
4/7/2025,PT. PAL,DIVISI 2,26,23,80,2874,2874,0,2874,65800,3292,5,0,23,2861,3.48,41491,65940,65800,14,22.89,26,159,-140
4/8/2025,PT. PAL,DIVISI 2,21,28,107,3113,3113,0,3113,70350,3554,5.1,0,23,2513,3.81,41491,70750,70350,15,22.6,21,170,-400
4/9/2025,PT. PAL,DIVISI 2,23,29,99,3118,3118,0,3118,75880,3865,5.1,0,24,2617,3.41,41491,76250,75880,13,24.34,23,183,-370
4/10/2025,PT. PAL,DIVISI 2,21,26,95,2813,2813,0,2813,68310,3453,5.1,0,24,2627,3.65,41491,68660,68310,14,24.28,21,165,-350
4/11/2025,PT. PAL,DIVISI 2,22,29,84,2600,2600,0,2600,61100,3056,5,0,24,2107,2.89,41491,61170,61100,8,23.5,22,147,-70
4/12/2025,PT. PAL,DIVISI 2,15,30,92,1970,1970,0,1970,49140,2457,5,0,25,1638,3.06,41491,49310,49140,5,24.94,15,118,-170
4/13/2025,PT. PAL,DIVISI 2,13,16,62,1135,1135,0,1135,27290,1364,5,0,24,1706,3.85,0,27340,27290,6,24.04,13,0,-50
4/14/2025,PT. PAL,DIVISI 2,14,32,112,2213,2213,0,2213,51690,2585,5,0,23,1615,3.51,41491,51860,51690,5,23.36,14,125,-170
4/15/2025,PT. PAL,DIVISI 2,12,27,108,1799,1799,0,1799,44360,2247,5.1,0,25,1643,4,41491,44450,44360,5,24.66,12,107,-90
4/16/2025,PT. PAL,DIVISI 2,14,27,93,1762,1762,0,1762,44270,2285,5.2,0,25,1640,3.44,41491,44400,44270,5,25.12,14,107,-130
4/17/2025,PT. PAL,DIVISI 2,16,26,77,1755,1755,0,1755,42440,2124,5,0,24,1632,2.96,41491,42570,42440,6,24.18,16,102,-130
4/18/2025,PT. PAL,DIVISI 2,11,25,92,1469,1469,0,1469,36820,1873,5.1,0,25,1473,3.67,0,36880,36820,6,25.06,11,0,-60
4/19/2025,PT. PAL,DIVISI 2,11,24,82,1279,1279,0,1279,29060,1515,5.2,0,23,1211,3.43,41491,29160,29060,6,22.72,11,70,-100
4/20/2025,PT. PAL,DIVISI 2,0,0,0,0,0,0,0,0,0,0,0,0,0,0,0,0,0,6,0,0,0,0
4/21/2025,PT. PAL,DIVISI 2,0,0,0,0,0,0,0,0,0,0,0,0,0,0,41491,0,0,7,0,0,0,0
4/22/2025,PT. PAL,DIVISI 2,15,30,92,1928,1928,0,1928,46250,2312,5,0,24,1542,3.05,41491,46210,46250,8,23.99,15,111,40
4/23/2025,PT. PAL,DIVISI 2,13,27,108,1974,1974,0,1974,50120,2503,5,0,25,1856,4,41491,50050,50120,8,25.39,13,121,70
4/24/2025,PT. PAL,DIVISI 2,13,25,93,1744,1744,0,1744,42930,2147,5,0,25,1717,3.72,41491,43060,42930,8,24.62,13,103,-130
4/25/2025,PT. PAL,DIVISI 2,15,27,77,1611,1611,0,1611,38910,2026,5.2,0,24,1441,2.85,41491,38930,38910,7,24.15,15,94,-20
4/26/2025,PT. PAL,DIVISI 2,15,27,92,1893,1893,0,1893,47290,2366,5,0,25,1751,3.4,41491,47380,47290,7,24.98,15,114,-90
4/27/2025,PT. PAL,DIVISI 2,0,0,0,0,0,0,0,0,0,0,0,0,0,0,0,0,0,8,0,0,0,0
4/28/2025,PT. PAL,DIVISI 2,15,28,91,1971,1971,0,1971,45840,2328,5.1,0,23,1637,3.27,41491,45540,45840,7,23.26,15,110,300
4/29/2025,PT. PAL,DIVISI 2,12,23,82,1375,1375,0,1375,32610,1659,5.1,0,24,1418,3.58,41491,32670,32610,6,23.72,12,79,-60
4/30/2025,PT. PAL,DIVISI 2,12,30,108,1802,1802,0,1802,43840,2193,5,0,24,1461,3.6,41491,43920,43840,6,24.33,12,106,-80
5/1/2025,PT. PAL,DIVISI 2,11,27,93,1483,1483,0,1483,35540,1843,5.2,0,24,1316,3.44,0,35610,35540,6,23.96,11,0,-70
5/2/2025,PT. PAL,DIVISI 2,14,31,77,1470,1470,0,1470,36450,1823,5,0,25,1176,2.48,44372,36570,36450,6,24.8,14,82,-120
5/3/2025,PT. PAL,DIVISI 2,13,29,92,1685,1685,0,1685,41980,2099,5,0,25,1448,3.16,44372,42150,41980,6,24.91,13,95,-170
5/4/2025,PT. PAL,DIVISI 2,0,0,0,0,0,0,0,0,0,0,0,0,0,0,0,0,0,7,0,0,0,0
5/5/2025,PT. PAL,DIVISI 2,14,29,91,1766,1766,0,1766,42000,2100,5,0,24,1448,3.15,44372,42120,42000,6,23.78,14,95,-120
5/6/2025,PT. PAL,DIVISI 2,13,28,82,1504,1504,0,1504,36740,1872,5.1,0,24,1312,2.94,44372,36780,36740,6,24.43,13,83,-40
5/7/2025,PT. PAL,DIVISI 2,10,28,103,1379,1379,0,1379,35530,1777,5,0,26,1269,3.68,44372,35640,35530,6,25.77,10,80,-110
5/8/2025,PT. PAL,DIVISI 2,13,28,98,1738,1738,0,1738,41820,2091,5,0,24,1494,3.5,44372,41930,41820,6,24.06,13,94,-110
5/9/2025,PT. PAL,DIVISI 2,15,29,77,1595,1595,0,1595,40350,2017,5,0,25,1391,2.65,44372,40320,40350,6,25.3,15,91,30
5/10/2025,PT. PAL,DIVISI 2,14,27,92,1762,1762,0,1762,44760,2237,5,0,25,1658,3.4,44372,44830,44760,6,25.4,14,101,-70
5/11/2025,PT. PAL,DIVISI 2,0,0,0,0,0,0,0,0,0,0,0,0,0,0,0,0,0,0,0,0,0,0
5/12/2025,PT. PAL,DIVISI 2,13,26,91,1644,1644,0,1644,39930,1995,5,0,24,1536,3.52,0,40090,39930,6,24.29,13,0,-160
5/13/2025,PT. PAL,DIVISI 2,13,30,82,1531,1531,0,1531,37370,1904,5.1,0,24,1246,2.75,44372,37610,37370,6,24.41,13,84,-240
5/14/2025,PT. PAL,DIVISI 2,13,29,108,1893,1893,0,1893,46910,2345,5,0,25,1618,3.72,44372,46980,46910,6,24.78,13,106,-70
5/15/2025,PT. PAL,DIVISI 2,0,0,0,0,0,0,0,0,0,0,0,0,0,0,44372,0,0,7,0,0,0,0
5/16/2025,PT. PAL,DIVISI 2,13,28,89,1622,1622,0,1622,39140,2038,5.2,0,24,1398,3.18,44372,39220,39140,7,24.13,13,88,-80
5/17/2025,PT. PAL,DIVISI 2,16,30,81,1827,1827,0,1827,45590,2280,5,0,25,1520,2.69,44372,45660,45590,7,24.95,16,103,-70
5/18/2025,PT. PAL,DIVISI 2,0,0,0,0,0,0,0,0,0,0,0,0,0,0,0,0,0,8,0,0,0,0
5/19/2025,PT. PAL,DIVISI 2,16,30,92,2100,2100,0,2100,54280,2715,5,0,26,1809,3.06,44372,54370,54280,7,25.85,16,122,-90
5/20/2025,PT. PAL,DIVISI 2,12,27,91,1506,1506,0,1506,35690,1784,5,0,24,1322,3.39,44372,35760,35690,7,23.7,12,80,-70
5/21/2025,PT. PAL,DIVISI 2,12,27,82,1372,1372,0,1372,33860,1720,5.1,0,25,1254,3.05,44372,33940,33860,7,24.68,12,76,-80
5/22/2025,PT. PAL,DIVISI 2,11,25,98,1457,1457,0,1457,37850,1892,5,0,26,1514,3.92,44372,37870,37850,6,25.98,11,85,-20
5/23/2025,PT. PAL,DIVISI 2,11,25,103,1545,1545,0,1545,38570,2031,5.3,0,25,1543,4.12,44372,38700,38570,6,24.96,11,87,-130
5/24/2025,PT. PAL,DIVISI 2,12,30,77,1239,1239,0,1239,30820,1573,5.1,0,25,1027,2.56,44372,30890,30820,5,24.87,12,69,-70
5/25/2025,PT. PAL,DIVISI 2,0,0,0,0,0,0,0,0,0,0,0,0,0,0,0,0,0,6,0,0,0,0
5/26/2025,PT. PAL,DIVISI 2,16,32,77,1761,1761,0,1761,44800,2300,5.1,0,25,1400,2.4,44372,44950,44800,6,25.44,16,101,-150
5/27/2025,PT. PAL,DIVISI 2,11,31,91,1459,1459,0,1459,34710,1737,5,0,24,1120,2.95,44372,34790,34710,6,23.79,11,78,-80
5/28/2025,PT. PAL,DIVISI 2,12,29,82,1384,1384,0,1384,32850,1642,5,0,24,1133,2.84,44372,32950,32850,6,23.74,12,74,-100
5/29/2025,PT. PAL,DIVISI 2,0,0,0,0,0,0,0,0,0,0,0,0,0,0,0,0,0,7,0,0,0,0
5/30/2025,PT. PAL,DIVISI 2,0,0,0,0,0,0,0,0,0,0,0,0,0,0,44372,0,0,8,0,0,0,0
5/31/2025,PT. PAL,DIVISI 2,12,31,108,1871,1871,0,1871,47930,2500,5.2,0,26,1546,3.48,44372,48020,47930,8,25.62,12,108,-90
6/1/2025,PT. PAL,DIVISI 2,14,29,93,1840,1840,0,1840,46220,2311,5,0,25,1594,3.2,0,46290,46220,8,25.12,14,0,-70
6/2/2025,PT. PAL,DIVISI 2,18,30,77,1941,1941,0,1941,50520,2526,5,0,26,1684,2.56,52916,50600,50520,7,26.03,18,95,-80
6/3/2025,PT. PAL,DIVISI 2,14,31,92,1774,1774,0,1774,45650,2374,5.2,0,26,1473,2.96,52916,45800,45650,7,25.73,14,86,-150
6/4/2025,PT. PAL,DIVISI 2,12,30,91,1570,1570,0,1570,38350,1916,5,0,24,1278,3.05,52916,38340,38350,7,24.43,12,72,10
6/5/2025,PT. PAL,DIVISI 2,12,30,82,1431,1431,0,1431,36120,1838,5.1,0,25,1204,2.75,52916,36170,36120,5,25.24,12,68,-50
6/6/2025,PT. PAL,DIVISI 2,0,0,0,0,0,0,0,0,0,0,0,0,0,0,0,0,0,6,0,0,0,0
6/7/2025,PT. PAL,DIVISI 2,10,27,108,1437,1437,0,1437,36670,1833,5,0,26,1358,4,52916,36770,36670,6,25.52,10,69,-100
6/8/2025,PT. PAL,DIVISI 2,0,0,0,0,0,0,0,0,0,0,0,0,0,0,0,0,0,6,0,0,0,0
6/9/2025,PT. PAL,DIVISI 2,12,29,93,1608,1608,0,1608,40150,2043,5.1,0,25,1384,3.2,52916,40220,40150,7,24.97,12,76,-70
3/1/2025,PT. PAL,DIVISI 3,0,0,0,0,0,0,0,0,0,0,0,0,0,0,37176,0,0,7,0,0,0,0
3/2/2025,PT. PAL,DIVISI 3,0,0,0,0,0,0,0,0,0,0,0,0,0,0,0,0,0,7,0,0,0,0
3/3/2025,PT. PAL,DIVISI 3,14,37,130,2394,2394,0,2394,48419,0,0,0,20,1312,3.53,37176,48510,48419,7,20.23,14,130,-91
3/4/2025,PT. PAL,DIVISI 3,14,37,130,2389,2389,0,2389,48319,0,0,0,20,1312,3.53,37176,48410,48319,7,20.23,14,130,-91
3/5/2025,PT. PAL,DIVISI 3,14,25,89,1645,1645,0,1645,33267,0,0,0,20,1312,3.53,37176,33330,33267,7,20.22,14,89,-63
3/6/2025,PT. PAL,DIVISI 3,14,22,78,1433,1433,0,1433,28985,0,0,0,20,1312,3.53,37176,29040,28985,7,20.23,14,78,-55
3/7/2025,PT. PAL,DIVISI 3,14,22,78,1437,1437,0,1437,29055,0,0,0,20,1312,3.53,37176,29110,29055,7,20.22,14,78,-55
3/8/2025,PT. PAL,DIVISI 3,14,30,107,1964,1964,0,1964,39725,0,0,0,20,1312,3.53,37176,39800,39725,7,20.23,14,107,-75
3/9/2025,PT. PAL,DIVISI 3,0,0,0,0,0,0,0,0,0,0,0,0,0,0,0,0,0,7,0,0,0,0
3/10/2025,PT. PAL,DIVISI 3,14,35,122,2249,2249,0,2249,45474,0,0,0,20,1312,3.53,37176,45560,45474,7,20.22,14,122,-86
3/11/2025,PT. PAL,DIVISI 3,14,30,107,1960,1960,0,1960,39635,0,0,0,20,1312,3.53,37176,39710,39635,7,20.22,14,107,-75
3/12/2025,PT. PAL,DIVISI 3,14,24,83,1526,1526,0,1526,30862,0,0,0,20,1312,3.53,37176,30920,30862,7,20.22,14,83,-58
3/13/2025,PT. PAL,DIVISI 3,14,24,85,1556,1556,0,1556,31471,0,0,0,20,1312,3.53,37176,31530,31471,7,20.23,14,85,-59
3/14/2025,PT. PAL,DIVISI 3,14,32,113,2077,2077,0,2077,42001,0,0,0,20,1312,3.53,37176,42080,42001,7,20.22,14,113,-79
3/15/2025,PT. PAL,DIVISI 3,14,27,95,1754,1754,0,1754,35463,0,0,0,20,1312,3.53,37176,35530,35463,7,20.22,14,95,-67
3/16/2025,PT. PAL,DIVISI 3,0,0,0,0,0,0,0,0,0,0,0,0,0,0,0,0,0,7,0,0,0,0
3/17/2025,PT. PAL,DIVISI 3,14,32,114,2088,2088,0,2088,42221,0,0,0,20,1312,3.53,37176,42300,42221,7,20.22,14,114,-79
3/18/2025,PT. PAL,DIVISI 3,14,27,97,1778,1778,0,1778,35952,0,0,0,20,1312,3.53,37176,36020,35952,7,20.22,14,97,-68
3/19/2025,PT. PAL,DIVISI 3,14,27,94,1723,1723,0,1723,34854,0,0,0,20,1312,3.53,37176,34920,34854,7,20.23,14,94,-66
3/20/2025,PT. PAL,DIVISI 3,14,28,100,1845,1845,0,1845,37320,0,0,0,20,1312,3.53,37176,37390,37320,7,20.23,14,100,-70
3/21/2025,PT. PAL,DIVISI 3,14,32,112,2058,2058,0,2058,41622,0,0,0,20,1312,3.53,37176,41700,41622,0,20.22,14,112,-78
3/22/2025,PT. PAL,DIVISI 3,14,24,86,1583,1583,0,1583,32010,0,0,0,20,1312,3.53,37176,32070,32010,0,20.22,14,86,-60
3/23/2025,PT. PAL,DIVISI 3,0,0,0,0,0,0,0,0,0,0,0,0,0,0,0,0,0,0,0,0,0,0
3/24/2025,PT. PAL,DIVISI 3,14,30,106,1956,1956,0,1956,39556,0,0,0,20,1312,3.53,37176,39630,39556,0,20.22,14,106,-74
3/25/2025,PT. PAL,DIVISI 3,14,20,69,1271,1271,0,1271,25702,0,0,0,20,1312,3.53,37176,25750,25702,0,20.22,14,69,-48
3/26/2025,PT. PAL,DIVISI 3,14,13,47,862,862,0,862,17427,0,0,0,20,1312,3.53,37176,17460,17427,0,20.22,14,47,-33
3/27/2025,PT. PAL,DIVISI 3,14,19,67,1236,1236,0,1236,25003,0,0,0,20,1312,3.53,37176,25050,25003,0,20.23,14,67,-47
3/28/2025,PT. PAL,DIVISI 3,0,0,0,0,0,0,0,0,0,0,0,0,0,0,0,0,0,0,0,0,0,0
3/29/2025,PT. PAL,DIVISI 3,0,0,0,0,0,0,0,0,0,0,0,0,0,0,0,0,0,0,0,0,0,0
3/30/2025,PT. PAL,DIVISI 3,0,0,0,0,0,0,0,0,0,0,0,0,0,0,0,0,0,0,0,0,0,0
3/31/2025,PT. PAL,DIVISI 3,0,0,0,0,0,0,0,0,0,0,0,0,0,0,0,0,0,0,0,0,0,0
4/1/2025,PT. PAL,DIVISI 3,0,0,0,0,0,0,0,0,0,0,0,0,0,0,0,0,0,0,0,0,0,0
4/2/2025,PT. PAL,DIVISI 3,0,0,0,0,0,0,0,0,0,0,0,0,0,0,0,0,0,0,0,0,0,0
4/3/2025,PT. PAL,DIVISI 3,0,0,0,0,0,0,0,0,0,0,0,0,0,0,0,0,0,13,0,0,0,0
4/4/2025,PT. PAL,DIVISI 3,0,0,0,0,0,0,0,0,0,0,0,0,0,0,38866,0,0,14,0,0,0,0
4/5/2025,PT. PAL,DIVISI 3,13,3,7,128,128,0,128,3130,156,5,0,24,1043,2.38,38866,3140,3130,15,24.45,13,8,-10
4/6/2025,PT. PAL,DIVISI 3,0,0,0,0,0,0,0,0,0,0,0,0,0,0,0,0,0,16,0,0,0,0
4/7/2025,PT. PAL,DIVISI 3,27,26,65,2469,2469,0,2469,52810,3006,5.7,0,21,2031,2.5,38866,52910,52810,16,21.39,27,136,-100
4/8/2025,PT. PAL,DIVISI 3,26,26,66,2365,2365,0,2365,50930,2547,5,0,22,1959,2.53,38866,51010,50930,17,21.53,26,131,-80
4/9/2025,PT. PAL,DIVISI 3,26,25,71,2599,2599,0,2599,57260,2864,5,0,22,2290,2.84,38866,56230,57260,16,22.03,26,147,1030
4/10/2025,PT. PAL,DIVISI 3,30,19,54,2234,2234,0,2234,46320,2316,5,0,21,2438,2.85,38866,46360,46320,16,20.73,30,119,-40
4/11/2025,PT. PAL,DIVISI 3,27,25,65,2427,2427,0,2427,51170,2558,5,0,21,2047,2.59,38866,51330,51170,17,21.08,27,132,-160
4/12/2025,PT. PAL,DIVISI 3,34,19,37,1780,1780,0,1780,34620,1730,5,0,19,1822,1.97,38866,34660,34620,18,19.45,34,89,-40
4/13/2025,PT. PAL,DIVISI 3,21,14,37,1063,1063,0,1063,23930,1196,5,0,23,1709,2.64,0,23890,23930,18,22.51,21,0,40
4/14/2025,PT. PAL,DIVISI 3,28,21,67,2570,2570,0,2570,52030,2601,5,0,20,2478,3.17,38866,52030,52030,18,20.25,28,134,0
4/15/2025,PT. PAL,DIVISI 3,34,26,60,2876,2876,0,2876,59760,3286,5.5,0,21,2298,2.3,38866,59770,59760,8,20.78,34,154,-10
4/16/2025,PT. PAL,DIVISI 3,37,26,52,2721,2721,0,2721,55940,2798,5,0,21,2152,1.99,38866,55990,55940,8,20.56,37,144,-50
4/17/2025,PT. PAL,DIVISI 3,21,25,84,2493,2493,0,2493,53380,2669,5,0,21,2135,3.37,38866,53500,53380,9,21.41,21,137,-120
4/18/2025,PT. PAL,DIVISI 3,24,23,71,2347,2347,0,2347,49080,2454,5,0,21,2134,3.1,0,49100,49080,9,20.91,24,0,-20
4/19/2025,PT. PAL,DIVISI 3,20,23,77,2217,2217,0,2217,47420,2370,5,0,21,2062,3.36,38866,47590,47420,10,21.39,20,122,-170
4/20/2025,PT. PAL,DIVISI 3,0,0,0,0,0,0,0,0,0,0,0,0,0,0,0,0,0,11,0,0,0,0
4/21/2025,PT. PAL,DIVISI 3,0,0,0,0,0,0,0,0,0,0,0,0,0,0,38866,0,0,12,0,0,0,0
4/22/2025,PT. PAL,DIVISI 3,21,29,76,2183,2183,0,2183,48100,2404,5,0,22,1659,2.61,38866,48110,48100,10,22.03,21,124,-10
4/23/2025,PT. PAL,DIVISI 3,25,29,67,2334,2334,0,2334,48210,2411,5,0,21,1662,2.29,38866,48240,48210,8,20.66,25,124,-30
4/24/2025,PT. PAL,DIVISI 3,15,23,74,1575,1575,0,1575,33170,1659,5,0,21,1442,3.2,38866,33180,33170,9,21.06,15,85,-10
4/25/2025,PT. PAL,DIVISI 3,17,17,62,1472,1472,0,1472,30220,1512,5,0,21,1778,3.62,38866,30220,30220,9,20.53,17,78,0
4/26/2025,PT. PAL,DIVISI 3,18,30,94,2378,2378,0,2378,51040,2552,5,0,21,1701,3.14,38866,51110,51040,9,21.46,18,131,-70
4/27/2025,PT. PAL,DIVISI 3,0,0,0,0,0,0,0,0,0,0,0,0,0,0,0,0,0,10,0,0,0,0
4/28/2025,PT. PAL,DIVISI 3,16,25,96,2177,2177,0,2177,48220,2410,5,0,22,1929,3.83,38866,48090,48220,10,22.15,16,124,130
4/29/2025,PT. PAL,DIVISI 3,21,32,76,2209,2209,0,2209,47400,2370,5,0,21,1481,2.38,38866,47410,47400,10,21.46,21,122,-10
4/30/2025,PT. PAL,DIVISI 3,17,29,84,2060,2060,0,2060,44450,2223,5,0,22,1533,2.91,38866,44470,44450,7,21.58,17,114,-20
5/1/2025,PT. PAL,DIVISI 3,15,26,89,1850,1850,0,1850,39930,1997,5,0,22,1536,3.41,0,40030,39930,6,21.58,15,0,-100
5/2/2025,PT. PAL,DIVISI 3,14,25,76,1506,1506,0,1506,31790,1589,5,0,21,1272,3.02,41565,31810,31790,8,21.11,14,76,-20
5/3/2025,PT. PAL,DIVISI 3,14,30,109,2195,2195,0,2195,46180,2308,5,0,21,1539,3.64,41565,46360,46180,7,21.04,14,111,-180
5/4/2025,PT. PAL,DIVISI 3,0,0,0,0,0,0,0,0,0,0,0,0,0,0,0,0,0,8,0,0,0,0
5/5/2025,PT. PAL,DIVISI 3,15,24,86,1801,1801,0,1801,40130,2007,5,0,22,1672,3.57,41565,40180,40130,7,22.28,15,97,-50
5/6/2025,PT. PAL,DIVISI 3,17,27,85,1998,1998,0,1998,42360,2118,5,0,21,1569,3.13,41565,42400,42360,7,21.2,17,102,-40
5/7/2025,PT. PAL,DIVISI 3,12,24,87,1481,1481,0,1481,32140,1606,5,0,22,1339,3.64,41565,32140,32140,7,21.7,12,77,0
5/8/2025,PT. PAL,DIVISI 3,13,23,73,1354,1354,0,1354,29080,1454,5,0,21,1264,3.18,41565,29090,29080,7,21.48,13,70,-10
5/9/2025,PT. PAL,DIVISI 3,14,24,70,1350,1350,0,1350,29620,1481,5,0,22,1234,2.94,41565,29620,29620,7,21.94,14,71,0
5/10/2025,PT. PAL,DIVISI 3,14,20,69,1339,1339,0,1339,28010,1400,5,0,21,1401,3.43,41565,28150,28010,7,20.92,14,67,-140
5/11/2025,PT. PAL,DIVISI 3,0,0,0,0,0,0,0,0,0,0,0,0,0,0,0,0,0,0,0,0,0,0
5/12/2025,PT. PAL,DIVISI 3,16,29,94,2171,2171,0,2171,47460,2374,5,0,22,1637,3.25,0,47340,47460,7,21.86,16,0,120
5/13/2025,PT. PAL,DIVISI 3,15,107,107,2249,2249,0,2249,50930,2546,5,0,23,474,1,41565,50830,50930,7,22.65,15,123,100
5/14/2025,PT. PAL,DIVISI 3,15,26,93,1956,1956,0,1956,41160,2058,5,0,21,1583,3.58,41565,41150,41160,7,21.04,15,99,10
5/15/2025,PT. PAL,DIVISI 3,0,0,0,0,0,0,0,0,0,0,0,0,0,0,41565,0,0,8,0,0,0,0
5/16/2025,PT. PAL,DIVISI 3,13,24,85,1594,1594,0,1594,36470,1823,5,0,23,1520,3.54,41565,36490,36470,7,22.88,13,88,-20
5/17/2025,PT. PAL,DIVISI 3,14,23,76,1463,1463,0,1463,33010,1650,5,0,23,1435,3.32,41565,33010,33010,8,22.56,14,79,0
5/18/2025,PT. PAL,DIVISI 3,0,0,0,0,0,0,0,0,0,0,0,0,0,0,0,0,0,9,0,0,0,0
5/19/2025,PT. PAL,DIVISI 3,17,29,85,2005,2005,0,2005,44160,2414,5.5,0,22,1523,2.92,41565,44190,44160,7,22.02,17,106,-30
5/20/2025,PT. PAL,DIVISI 3,13,25,84,1514,1514,0,1514,33890,1694,5,0,22,1356,3.35,41565,33950,33890,7,22.38,13,82,-60
5/21/2025,PT. PAL,DIVISI 3,14,30,104,2023,2023,0,2023,44600,2726,6.1,0,22,1487,3.46,41565,44530,44600,8,22.05,14,107,70
5/22/2025,PT. PAL,DIVISI 3,13,23,92,1649,1649,0,1649,36950,2239,6.1,0,22,1607,4,41565,36900,36950,8,22.41,13,89,50
5/23/2025,PT. PAL,DIVISI 3,15,24,86,1749,1749,0,1749,38400,2110,5.5,0,22,1600,3.58,41565,38630,38400,8,21.96,15,92,-230
5/24/2025,PT. PAL,DIVISI 3,11,25,98,1545,1545,0,1545,35210,1761,5,0,23,1408,3.93,41565,35180,35210,5,22.79,11,85,30
5/25/2025,PT. PAL,DIVISI 3,0,0,0,0,0,0,0,0,0,0,0,0,0,0,0,0,0,6,0,0,0,0
5/26/2025,PT. PAL,DIVISI 3,12,25,100,1740,1740,0,1740,38710,2136,5.5,0,22,1548,4,41565,38760,38710,6,22.25,12,93,-50
5/27/2025,PT. PAL,DIVISI 3,13,26,91,1642,1642,0,1642,37010,1947,5.3,0,23,1423,3.48,41565,37020,37010,7,22.54,13,89,-10
5/28/2025,PT. PAL,DIVISI 3,12,30,101,1749,1749,0,1749,37650,1883,5,0,22,1255,3.38,41565,37660,37650,7,21.53,12,91,-10
5/29/2025,PT. PAL,DIVISI 3,0,0,0,0,0,0,0,0,0,0,0,0,0,0,0,0,0,8,0,0,0,0
5/30/2025,PT. PAL,DIVISI 3,0,0,0,0,0,0,0,0,0,0,0,0,0,0,41565,0,0,9,0,0,0,0
5/31/2025,PT. PAL,DIVISI 3,14,28,111,2117,2117,0,2117,44510,2226,5,0,21,1590,3.97,41565,44540,44510,10,21.03,14,107,-30
6/1/2025,PT. PAL,DIVISI 3,14,23,73,1398,1398,0,1398,31180,1559,5,0,22,1356,3.17,0,31200,31180,8,22.3,14,0,-20
6/2/2025,PT. PAL,DIVISI 3,13,25,92,1663,1663,0,1663,38560,2304,6,0,23,1542,3.66,49568,38570,38560,7,23.19,13,78,-10
6/3/2025,PT. PAL,DIVISI 3,13,25,104,1830,1830,0,1830,39940,1997,5,0,22,1598,4.16,49568,39850,39940,7,21.83,13,81,90
6/4/2025,PT. PAL,DIVISI 3,13,29,103,1836,1836,0,1836,38470,1924,5,0,21,1327,3.54,49568,38460,38470,7,20.95,13,78,10
6/5/2025,PT. PAL,DIVISI 3,11,28,104,1611,1611,0,1611,34920,1746,5,0,22,1247,3.73,49568,34940,34920,7,21.68,11,70,-20
6/6/2025,PT. PAL,DIVISI 3,0,0,0,0,0,0,0,0,0,0,0,0,0,0,0,0,0,7,0,0,0,0
6/7/2025,PT. PAL,DIVISI 3,13,26,89,1586,1586,0,1586,34530,826,2.4,0,22,1328,3.44,49568,34580,34530,7,21.77,13,70,-50
6/8/2025,PT. PAL,DIVISI 3,0,0,0,0,0,0,0,0,0,0,0,0,0,0,0,0,0,7,0,0,0,0
6/9/2025,PT. PAL,DIVISI 3,10,24,87,1277,1277,0,1277,31460,1912,6.1,0,25,1311,3.62,49568,31490,31460,7,24.64,10,63,-30
3/1/2025,PT. LSP RS,DIVISI 1,0,0,0,0,0,0,0,0,0,0,0,0,0,0,5253,0,0,9,0,0,0,0
3/2/2025,PT. LSP RS,DIVISI 1,0,0,0,0,0,0,0,0,0,0,0,0,0,0,0,0,0,10,0,0,0,0
3/3/2025,PT. LSP RS,DIVISI 1,11,22,27,406,406,0,406,7950,398,5,0,20,361,1.2,5253,8040,7950,10,19.58,11,151,-90
3/4/2025,PT. LSP RS,DIVISI 1,11,28,34,497,497,0,497,8570,428,5,0,17,306,1.21,5253,8800,8570,11,17.24,11,163,-230
3/5/2025,PT. LSP RS,DIVISI 1,13,26,27,500,500,0,500,7290,364,5,0,15,280,1.05,5253,7440,7290,8,14.58,13,139,-150
3/6/2025,PT. LSP RS,DIVISI 1,13,36,41,724,724,0,724,12110,605,5,0,17,336,1.15,5253,12250,12110,7,16.73,13,231,-140
3/7/2025,PT. LSP RS,DIVISI 1,15,24,32,636,636,0,636,10660,532,5,0,17,444,1.32,5253,10810,10660,8,16.76,15,203,-150
3/8/2025,PT. LSP RS,DIVISI 1,13,10,12,211,211,0,211,3960,198,5,0,19,396,1.2,5253,4010,3960,6,18.77,13,75,-50
3/9/2025,PT. LSP RS,DIVISI 1,0,0,0,0,0,0,0,0,0,0,0,0,0,0,0,0,0,7,0,0,0,0
3/10/2025,PT. LSP RS,DIVISI 1,12,26,31,512,512,0,512,8370,418,5,0,16,322,1.17,5253,8510,8370,7,16.35,12,159,-140
3/11/2025,PT. LSP RS,DIVISI 1,11,22,27,387,387,0,387,7080,354,5,0,18,322,1.2,5253,7090,7080,7,18.29,11,135,-10
3/12/2025,PT. LSP RS,DIVISI 1,11,24,24,352,352,0,352,4810,241,5,0,14,200,1.01,5253,4910,4810,7,13.66,11,92,-100
3/13/2025,PT. LSP RS,DIVISI 1,10,24,28,381,381,0,381,6240,400,6.4,0,16,260,1.15,5253,6280,6240,8,16.38,10,119,-40
3/14/2025,PT. LSP RS,DIVISI 1,12,34,42,700,700,0,700,11060,553,5,0,16,325,1.24,5253,11250,11060,7,15.8,12,211,-190
3/15/2025,PT. LSP RS,DIVISI 1,15,14,18,367,367,0,367,6980,349,5,0,19,499,1.27,5253,7050,6980,6,19.02,15,133,-70
3/16/2025,PT. LSP RS,DIVISI 1,0,0,0,0,0,0,0,0,0,0,0,0,0,0,0,0,0,7,0,0,0,0
3/17/2025,PT. LSP RS,DIVISI 1,9,36,43,537,537,0,537,9560,478,5,0,18,266,1.19,5253,9640,9560,7,17.8,9,182,-80
3/18/2025,PT. LSP RS,DIVISI 1,12,34,41,664,664,0,664,8780,439,5,0,13,258,1.19,5253,9010,8780,6,13.22,12,167,-230
3/19/2025,PT. LSP RS,DIVISI 1,8,26,27,312,312,0,312,5090,255,5,0,16,196,1.05,5253,5170,5090,6,16.31,8,97,-80
3/20/2025,PT. LSP RS,DIVISI 1,11,20,28,415,415,0,415,7440,372,5,0,18,372,1.38,5253,7480,7440,6,17.93,11,142,-40
3/21/2025,PT. LSP RS,DIVISI 1,9,18,23,301,301,0,301,4960,248,5,0,16,276,1.29,5253,4970,4960,5,16.48,9,94,-10
3/22/2025,PT. LSP RS,DIVISI 1,8,24,28,310,310,0,310,6130,306,5,0,20,255,1.17,5253,6160,6130,6,19.77,8,117,-30
3/23/2025,PT. LSP RS,DIVISI 1,0,0,0,0,0,0,0,0,0,0,0,0,0,0,0,0,0,7,0,0,0,0
3/24/2025,PT. LSP RS,DIVISI 1,14,22,25,478,478,0,478,7680,384,5,0,16,349,1.14,5253,7790,7680,7,16.07,14,146,-110
3/25/2025,PT. LSP RS,DIVISI 1,13,28,33,594,594,0,594,8020,401,5,0,14,286,1.17,5253,8060,8020,7,13.5,13,153,-40
3/26/2025,PT. LSP RS,DIVISI 1,9,34,35,424,424,0,424,6670,334,5,0,16,196,1.03,5253,6750,6670,8,15.73,9,127,-80
3/27/2025,PT. LSP RS,DIVISI 1,0,0,0,0,0,0,0,0,0,0,0,0,0,0,5253,0,0,9,0,0,0,0
3/28/2025,PT. LSP RS,DIVISI 1,0,0,0,0,0,0,0,0,0,0,0,0,0,0,0,0,0,10,0,0,0,0
3/29/2025,PT. LSP RS,DIVISI 1,0,0,0,0,0,0,0,0,0,0,0,0,0,0,0,0,0,11,0,0,0,0
3/30/2025,PT. LSP RS,DIVISI 1,0,0,0,0,0,0,0,0,0,0,0,0,0,0,0,0,0,12,0,0,0,0
3/31/2025,PT. LSP RS,DIVISI 1,0,0,0,0,0,0,0,0,0,0,0,0,0,0,0,0,0,13,0,0,0,0
4/1/2025,PT. LSP RS,DIVISI 1,0,0,0,0,0,0,0,0,0,0,0,0,0,0,0,0,0,14,0,0,0,0
4/2/2025,PT. LSP RS,DIVISI 1,0,0,0,0,0,0,0,0,0,0,0,0,0,0,0,0,0,15,0,0,0,0
4/3/2025,PT. LSP RS,DIVISI 1,0,0,0,0,0,0,0,0,0,0,0,0,0,0,0,0,0,16,0,0,0,0
4/4/2025,PT. LSP RS,DIVISI 1,0,0,0,0,0,0,0,0,0,0,0,0,0,0,7877,0,0,17,0,0,0,0
4/5/2025,PT. LSP RS,DIVISI 1,16,4,5,112,112,0,112,2270,113,5,0,20,568,1.31,7877,2320,2270,18,20.27,16,29,-50
4/6/2025,PT. LSP RS,DIVISI 1,14,4,5,104,104,0,104,1860,93,5,0,18,465,1.31,0,1890,1860,19,17.88,14,0,-30
4/7/2025,PT. LSP RS,DIVISI 1,16,24,32,689,689,0,689,11720,585,5,0,17,488,1.32,7877,11750,11720,20,17.01,16,149,-30
4/8/2025,PT. LSP RS,DIVISI 1,20,24,29,798,798,0,798,14260,714,5,0,18,594,1.19,7877,14390,14260,21,17.87,20,181,-130
4/9/2025,PT. LSP RS,DIVISI 1,17,34,38,901,901,0,901,14300,715,5,0,16,421,1.12,7877,14360,14300,22,15.87,17,182,-60
4/10/2025,PT. LSP RS,DIVISI 1,22,28,27,781,781,0,781,9280,464,5,0,12,331,0.95,7877,9380,9280,23,11.88,22,118,-100
4/11/2025,PT. LSP RS,DIVISI 1,16,30,33,728,489,0,489,6290,314,5,239,13,210,1.11,7877,6260,6290,7,12.86,16,80,30
4/12/2025,PT. LSP RS,DIVISI 1,0,0,0,0,239,0,239,3460,173,5,0,14,0,0,7877,3480,3460,8,14.48,0,44,-20
4/13/2025,PT. LSP RS,DIVISI 1,12,16,22,359,359,0,359,6070,304,5,0,17,379,1.34,0,6090,6070,7,16.91,12,0,-20
4/14/2025,PT. LSP RS,DIVISI 1,18,24,30,735,735,0,735,11190,559,5,0,15,466,1.26,7877,11260,11190,7,15.22,18,142,-70
4/15/2025,PT. LSP RS,DIVISI 1,16,24,28,615,615,0,615,8980,449,5,0,15,374,1.16,7877,9020,8980,8,14.6,16,114,-40
4/16/2025,PT. LSP RS,DIVISI 1,9,24,29,372,372,0,372,5460,272,5,0,15,228,1.22,7877,5660,5460,7,14.68,9,69,-200
4/17/2025,PT. LSP RS,DIVISI 1,12,26,27,425,381,0,381,5150,258,5,44,14,198,1.02,7877,5240,5150,7,13.52,12,65,-90
4/18/2025,PT. LSP RS,DIVISI 1,13,30,33,595,639,0,639,9520,476,5,0,15,317,1.11,0,9500,9520,6,14.9,13,0,20
4/19/2025,PT. LSP RS,DIVISI 1,11,20,27,394,394,0,394,6040,302,5,0,15,302,1.33,7877,6060,6040,6,15.33,11,77,-20
4/20/2025,PT. LSP RS,DIVISI 1,0,0,0,0,0,0,0,0,0,0,0,0,0,0,0,0,0,7,0,0,0,0
4/21/2025,PT. LSP RS,DIVISI 1,0,0,0,0,0,0,0,0,0,0,0,0,0,0,7877,0,0,8,0,0,0,0
4/22/2025,PT. LSP RS,DIVISI 1,12,20,26,432,432,0,432,7540,377,5,0,17,377,1.28,7877,7590,7540,8,17.45,12,96,-50
4/23/2025,PT. LSP RS,DIVISI 1,14,24,28,539,539,0,539,7830,392,5,0,15,326,1.15,7877,7910,7830,8,14.53,14,99,-80
4/24/2025,PT. LSP RS,DIVISI 1,12,24,29,476,476,0,476,7150,358,5,0,15,298,1.22,7877,7260,7150,8,15.02,12,91,-110
4/25/2025,PT. LSP RS,DIVISI 1,0,0,0,0,0,0,0,0,0,0,0,0,0,0,7877,0,0,9,0,0,0,0
4/26/2025,PT. LSP RS,DIVISI 1,7,26,27,262,262,0,262,3130,156,5,0,12,120,1.02,7877,3210,3130,9,11.95,7,40,-80
4/27/2025,PT. LSP RS,DIVISI 1,0,0,0,0,0,0,0,0,0,0,0,0,0,0,0,0,0,10,0,0,0,0
4/28/2025,PT. LSP RS,DIVISI 1,11,24,28,401,401,0,401,5760,288,5,0,14,240,1.15,7877,5860,5760,10,14.36,11,73,-100
4/29/2025,PT. LSP RS,DIVISI 1,11,26,32,481,481,0,481,7720,386,5,0,16,297,1.24,7877,7800,7720,8,16.05,11,98,-80
4/30/2025,PT. LSP RS,DIVISI 1,9,32,39,489,489,0,489,8700,435,5,0,18,272,1.23,7877,8800,8700,7,17.79,9,110,-100
5/1/2025,PT. LSP RS,DIVISI 1,0,0,0,0,0,0,0,0,0,0,0,0,0,0,0,0,0,8,0,0,0,0
5/2/2025,PT. LSP RS,DIVISI 1,8,36,43,467,467,0,467,7450,372,5,0,16,207,1.19,8313,7550,7450,7,15.95,8,90,-100
5/3/2025,PT. LSP RS,DIVISI 1,10,26,27,348,348,0,348,4640,232,5,0,13,178,1.02,8313,4760,4640,6,13.33,10,56,-120
5/4/2025,PT. LSP RS,DIVISI 1,0,0,0,0,0,0,0,0,0,0,0,0,0,0,0,0,0,7,0,0,0,0
5/5/2025,PT. LSP RS,DIVISI 1,7,30,33,326,326,0,326,5530,276,5,0,17,184,1.11,8313,5580,5530,7,16.96,7,67,-50
5/6/2025,PT. LSP RS,DIVISI 1,9,24,32,381,381,0,381,6610,330,5,0,17,275,1.31,8313,6640,6610,7,17.35,9,80,-30
5/7/2025,PT. LSP RS,DIVISI 1,10,24,30,417,417,0,417,7600,380,5,0,18,317,1.24,8313,7630,7600,8,18.23,10,91,-30
5/8/2025,PT. LSP RS,DIVISI 1,9,24,28,349,349,0,349,6030,302,5,0,17,251,1.17,8313,6220,6030,7,17.28,9,73,-190
5/9/2025,PT. LSP RS,DIVISI 1,8,28,34,398,398,0,398,5820,291,5,0,15,208,1.22,8313,5820,5820,7,14.62,8,70,0
5/10/2025,PT. LSP RS,DIVISI 1,7,24,25,233,233,0,233,3390,169,5,0,15,141,1.03,8313,3470,3390,6,14.55,7,41,-80
5/11/2025,PT. LSP RS,DIVISI 1,0,0,0,0,0,0,0,0,0,0,0,0,0,0,0,0,0,7,0,0,0,0
5/12/2025,PT. LSP RS,DIVISI 1,0,0,0,0,0,0,0,0,0,0,0,0,0,0,0,0,0,8,0,0,0,0
5/13/2025,PT. LSP RS,DIVISI 1,10,28,34,451,451,0,451,7470,374,5,0,17,267,1.2,8313,7570,7470,8,16.56,10,90,-100
5/14/2025,PT. LSP RS,DIVISI 1,10,24,32,430,430,0,430,8160,408,5,0,19,340,1.31,8313,8190,8160,8,18.98,10,98,-30
5/15/2025,PT. LSP RS,DIVISI 1,9,4,5,57,57,0,57,1240,62,5,0,22,310,1.19,8313,1270,1240,8,21.75,9,15,-30
5/16/2025,PT. LSP RS,DIVISI 1,8,28,33,345,345,0,345,6060,303,5,0,18,216,1.16,8313,6110,6060,9,17.57,8,73,-50
5/17/2025,PT. LSP RS,DIVISI 1,9,22,27,320,320,0,320,5770,289,5,0,18,262,1.22,8313,5870,5770,9,18.03,9,69,-100
5/18/2025,PT. LSP RS,DIVISI 1,0,0,0,0,0,0,0,0,0,0,0,0,0,0,0,0,0,10,0,0,0,0
5/19/2025,PT. LSP RS,DIVISI 1,8,26,27,294,294,0,294,4020,201,5,0,14,155,1.02,8313,4060,4020,10,13.67,8,48,-40
5/20/2025,PT. LSP RS,DIVISI 1,5,30,33,242,242,0,242,4160,208,5,0,17,139,1.11,8313,4250,4160,8,17.19,5,50,-90
5/21/2025,PT. LSP RS,DIVISI 1,8,20,27,301,301,0,301,5390,267,5,0,18,270,1.34,8313,5690,5390,7,17.91,8,65,-300
5/22/2025,PT. LSP RS,DIVISI 1,10,24,30,392,392,0,392,7040,352,5,0,18,293,1.24,8313,7150,7040,7,17.96,10,85,-110
5/23/2025,PT. LSP RS,DIVISI 1,12,20,23,381,381,0,381,6240,312,5,0,16,312,1.16,8313,6280,6240,7,16.38,12,75,-40
5/24/2025,PT. LSP RS,DIVISI 1,6,20,25,186,186,0,186,3120,156,5,0,17,156,1.23,8313,3160,3120,8,16.77,6,38,-40
5/25/2025,PT. LSP RS,DIVISI 1,0,0,0,0,0,0,0,0,0,0,0,0,0,0,0,0,0,9,0,0,0,0
5/26/2025,PT. LSP RS,DIVISI 1,8,30,31,337,337,0,337,5070,254,5,0,15,169,1.03,8313,5170,5070,7,15.04,8,61,-100
5/27/2025,PT. LSP RS,DIVISI 1,7,30,33,311,311,0,311,5380,269,5,0,17,179,1.11,8313,5440,5380,7,17.3,7,65,-60
5/28/2025,PT. LSP RS,DIVISI 1,9,24,32,373,373,0,373,7010,350,5,0,19,292,1.32,8313,7090,7010,7,18.79,9,84,-80
5/29/2025,PT. LSP RS,DIVISI 1,0,0,0,0,0,0,0,0,0,0,0,0,0,0,0,0,0,8,0,0,0,0
5/30/2025,PT. LSP RS,DIVISI 1,9,20,25,295,295,0,295,4980,249,5,0,17,249,1.24,8313,5030,4980,8,16.88,9,60,-50
5/31/2025,PT. LSP RS,DIVISI 1,8,24,28,295,295,0,295,5210,260,5,0,18,217,1.15,8313,5260,5210,8,17.66,8,63,-50
6/1/2025,PT. LSP RS,DIVISI 1,0,0,0,0,0,0,0,0,0,0,0,0,0,0,0,0,0,9,0,0,0,0
6/2/2025,PT. LSP RS,DIVISI 1,7,28,33,326,326,0,326,5220,261,5,0,16,186,1.16,10955,5260,5220,8,16.01,7,48,-40
6/3/2025,PT. LSP RS,DIVISI 1,4,26,27,160,160,0,160,2210,110,5,0,14,85,1.05,10955,2220,2210,8,13.81,4,20,-10
6/4/2025,PT. LSP RS,DIVISI 1,8,26,30,329,329,0,329,6130,306,5,0,19,236,1.14,10955,6170,6130,8,18.63,8,56,-40
6/5/2025,PT. LSP RS,DIVISI 1,7,20,28,275,275,0,275,5810,290,5,0,21,291,1.41,10955,5840,5810,7,21.13,7,53,-30
6/6/2025,PT. LSP RS,DIVISI 1,0,0,0,0,0,0,0,0,0,0,0,0,0,0,0,0,0,8,0,0,0,0
6/7/2025,PT. LSP RS,DIVISI 1,9,24,28,333,333,0,333,7210,360,5,0,22,300,1.18,10955,7230,7210,8,21.65,9,66,-20
6/8/2025,PT. LSP RS,DIVISI 1,0,0,0,0,0,0,0,0,0,0,0,0,0,0,0,0,0,9,0,0,0,0
6/9/2025,PT. LSP RS,DIVISI 1,8,30,34,376,376,0,376,6830,342,5,0,18,228,1.12,10955,6880,6830,8,18.16,8,62,-50
3/1/2025,PT. LSP RS,DIVISI 2,0,0,0,0,0,0,0,0,0,0,0,0,0,0,13219,0,0,9,0,0,0,0
3/2/2025,PT. LSP RS,DIVISI 2,0,0,0,0,0,0,0,0,0,0,0,0,0,0,0,0,0,10,0,0,0,0
3/3/2025,PT. LSP RS,DIVISI 2,15,64,88,1742,1742,0,1742,28300,1415,5,0,16,442,1.38,13219,28800,28300,8,16.25,15,214,-500
3/4/2025,PT. LSP RS,DIVISI 2,12,62,84,1267,1132,0,1132,18750,937,5,135,17,302,1.36,13219,19330,18750,9,16.56,12,142,-580
3/5/2025,PT. LSP RS,DIVISI 2,13,64,81,1222,1357,0,1357,24400,1220,5,0,18,381,1.27,13219,24740,24400,8,17.98,13,185,-340
3/6/2025,PT. LSP RS,DIVISI 2,13,62,77,1315,1215,0,1215,20880,1045,5,100,17,337,1.23,13219,21140,20880,8,17.19,13,158,-260
3/7/2025,PT. LSP RS,DIVISI 2,13,62,87,1494,1594,0,1594,28300,1416,5,0,18,456,1.4,13219,28640,28300,8,17.75,13,214,-340
3/8/2025,PT. LSP RS,DIVISI 2,12,62,73,1235,1235,0,1235,19420,972,5,0,16,313,1.18,13219,19630,19420,6,15.72,12,147,-210
3/9/2025,PT. LSP RS,DIVISI 2,0,0,0,0,0,0,0,0,0,0,0,0,0,0,0,0,0,7,0,0,0,0
3/10/2025,PT. LSP RS,DIVISI 2,14,60,76,1463,1463,0,1463,24960,1249,5,0,17,416,1.26,13219,25180,24960,8,17.06,14,189,-220
3/11/2025,PT. LSP RS,DIVISI 2,12,68,87,1359,1174,0,1174,19620,981,5,185,17,289,1.28,13219,19960,19620,8,16.71,12,148,-340
3/12/2025,PT. LSP RS,DIVISI 2,12,64,79,1518,1703,0,1703,29490,1474,5,0,17,461,1.23,13219,30120,29490,8,17.32,12,223,-630
3/13/2025,PT. LSP RS,DIVISI 2,12,66,82,1341,1285,0,1285,22730,1039,4.6,56,18,344,1.23,13219,22880,22730,8,17.69,12,172,-150
3/14/2025,PT. LSP RS,DIVISI 2,15,62,90,1761,1817,0,1817,30210,1511,5,0,17,487,1.45,13219,30410,30210,8,16.63,15,229,-200
3/15/2025,PT. LSP RS,DIVISI 2,13,64,79,1502,1336,0,1336,20100,1003,5,166,15,314,1.23,13219,20330,20100,8,15.04,13,152,-230
3/16/2025,PT. LSP RS,DIVISI 2,0,0,0,0,0,0,0,0,0,0,0,0,0,0,0,0,0,9,0,0,0,0
3/17/2025,PT. LSP RS,DIVISI 2,14,60,83,1546,1712,0,1712,28210,1411,5,0,16,470,1.38,13219,29570,28210,8,16.48,14,213,-1360
3/18/2025,PT. LSP RS,DIVISI 2,14,70,79,1501,1501,0,1501,26720,1335,5,0,18,382,1.13,13219,27250,26720,8,17.8,14,202,-530
3/19/2025,PT. LSP RS,DIVISI 2,12,66,81,1296,1296,0,1296,21640,1081,5,0,17,328,1.23,13219,21980,21640,8,16.7,12,164,-340
3/20/2025,PT. LSP RS,DIVISI 2,13,64,82,1421,1421,0,1421,24060,1203,5,0,17,376,1.28,13219,24500,24060,7,16.93,13,182,-440
3/21/2025,PT. LSP RS,DIVISI 2,15,64,83,1630,1630,0,1630,27270,1363,5,0,17,426,1.29,13219,27700,27270,8,16.73,15,206,-430
3/22/2025,PT. LSP RS,DIVISI 2,12,60,77,1196,1196,0,1196,18130,907,5,0,15,302,1.29,13219,18410,18130,6,15.16,12,137,-280
3/23/2025,PT. LSP RS,DIVISI 2,0,0,0,0,0,0,0,0,0,0,0,0,0,0,0,0,0,7,0,0,0,0
3/24/2025,PT. LSP RS,DIVISI 2,14,68,86,1567,1567,0,1567,24160,1208,5,0,15,355,1.26,13219,24250,24160,7,15.42,14,183,-90
3/25/2025,PT. LSP RS,DIVISI 2,13,64,65,1106,985,0,985,17010,851,5,121,17,266,1.01,13219,17190,17010,8,17.27,13,129,-180
3/26/2025,PT. LSP RS,DIVISI 2,9,72,82,1011,1132,0,1132,15720,786,5,0,14,218,1.14,13219,15890,15720,8,13.89,9,119,-170
3/27/2025,PT. LSP RS,DIVISI 2,10,22,23,317,317,0,317,6780,339,5,0,21,308,1.05,13219,6910,6780,9,21.39,10,51,-130
3/28/2025,PT. LSP RS,DIVISI 2,0,0,0,0,0,0,0,0,0,0,0,0,0,0,0,0,0,10,0,0,0,0
3/29/2025,PT. LSP RS,DIVISI 2,0,0,0,0,0,0,0,0,0,0,0,0,0,0,0,0,0,11,0,0,0,0
3/30/2025,PT. LSP RS,DIVISI 2,0,0,0,0,0,0,0,0,0,0,0,0,0,0,0,0,0,12,0,0,0,0
3/31/2025,PT. LSP RS,DIVISI 2,0,0,0,0,0,0,0,0,0,0,0,0,0,0,0,0,0,13,0,0,0,0
4/1/2025,PT. LSP RS,DIVISI 2,0,0,0,0,0,0,0,0,0,0,0,0,0,0,0,0,0,14,0,0,0,0
4/2/2025,PT. LSP RS,DIVISI 2,0,0,0,0,0,0,0,0,0,0,0,0,0,0,0,0,0,15,0,0,0,0
4/3/2025,PT. LSP RS,DIVISI 2,0,0,0,0,0,0,0,0,0,0,0,0,0,0,0,0,0,16,0,0,0,0
4/4/2025,PT. LSP RS,DIVISI 2,23,10,14,406,406,0,406,5940,297,5,0,15,594,1.35,20729,6060,5940,16,14.63,23,29,-120
4/5/2025,PT. LSP RS,DIVISI 2,19,10,14,335,335,0,335,5060,253,5,0,15,506,1.35,20729,5160,5060,17,15.1,19,24,-100
4/6/2025,PT. LSP RS,DIVISI 2,21,10,13,369,369,0,369,6250,313,5,0,17,625,1.33,0,6320,6250,18,16.94,21,0,-70
4/7/2025,PT. LSP RS,DIVISI 2,21,46,60,1672,1672,0,1672,27040,1353,5,0,16,588,1.3,20729,27490,27040,19,16.17,21,130,-450
4/8/2025,PT. LSP RS,DIVISI 2,19,46,59,1507,1507,0,1507,22700,1135,5,0,15,493,1.28,20729,23020,22700,19,15.06,19,110,-320
4/9/2025,PT. LSP RS,DIVISI 2,21,22,67,1916,1916,0,1916,28040,1403,5,0,15,1275,3.05,20729,28460,28040,19,14.63,21,135,-420
4/10/2025,PT. LSP RS,DIVISI 2,24,60,73,2317,2317,0,2317,38430,1921,5,0,17,641,1.22,20729,39010,38430,18,16.59,24,185,-580
4/11/2025,PT. LSP RS,DIVISI 2,18,60,71,1733,1733,0,1733,25800,1290,5,0,15,430,1.18,20729,26040,25800,18,14.89,18,124,-240
4/12/2025,PT. LSP RS,DIVISI 2,17,82,98,2247,2247,0,2247,33580,1679,5,0,15,410,1.19,20729,34010,33580,9,14.94,17,162,-430
4/13/2025,PT. LSP RS,DIVISI 2,18,52,57,1323,1323,0,1323,22530,1127,5,0,17,433,1.09,0,22670,22530,8,17.03,18,0,-140
4/14/2025,PT. LSP RS,DIVISI 2,20,60,72,1896,1896,0,1896,26010,1301,5,0,14,434,1.2,20729,26450,26010,7,13.72,20,125,-440
4/15/2025,PT. LSP RS,DIVISI 2,13,62,80,1344,1344,0,1344,19190,1055,5.5,0,14,310,1.29,20729,19070,19190,7,14.28,13,93,120
4/16/2025,PT. LSP RS,DIVISI 2,10,64,78,1088,1088,0,1088,16560,364,2.2,0,15,259,1.21,20729,17160,16560,7,15.22,10,80,-600
4/17/2025,PT. LSP RS,DIVISI 2,11,64,77,1172,1110,0,1110,15490,774,5,62,14,242,1.21,20729,15760,15490,7,13.95,11,75,-270
4/18/2025,PT. LSP RS,DIVISI 2,14,66,77,1412,1474,0,1474,21350,1068,5,0,14,323,1.16,0,21560,21350,7,14.48,14,0,-210
4/19/2025,PT. LSP RS,DIVISI 2,11,60,79,1188,1188,0,1188,17330,866,5,0,15,289,1.32,20729,17460,17330,8,14.59,11,84,-130
4/20/2025,PT. LSP RS,DIVISI 2,0,0,0,0,0,0,0,0,0,0,0,0,0,0,0,0,0,9,0,0,0,0
4/21/2025,PT. LSP RS,DIVISI 2,13,10,12,207,0,0,0,0,0,0,207,0,0,1.23,20729,0,0,10,0,13,0,0
4/22/2025,PT. LSP RS,DIVISI 2,11,70,94,1402,1518,0,1518,22150,1108,5,91,15,316,1.34,20729,22690,22150,9,14.59,11,107,-540
4/23/2025,PT. LSP RS,DIVISI 2,12,70,104,1615,1706,0,1706,25010,1250,5,0,15,357,1.48,20729,25690,25010,8,14.66,12,121,-680
4/24/2025,PT. LSP RS,DIVISI 2,10,64,84,1147,1147,0,1147,15960,798,5,0,14,249,1.31,20729,16390,15960,9,13.91,10,77,-430
4/25/2025,PT. LSP RS,DIVISI 2,9,84,103,1271,1135,0,1135,15250,762,5,136,13,182,1.22,20729,15540,15250,8,13.44,9,74,-290
4/26/2025,PT. LSP RS,DIVISI 2,9,76,97,1163,1299,0,1299,17940,898,5,0,14,236,1.28,20729,18040,17940,6,13.81,9,87,-100
4/27/2025,PT. LSP RS,DIVISI 2,0,0,0,0,0,0,0,0,0,0,0,0,0,0,0,0,0,7,0,0,0,0
4/28/2025,PT. LSP RS,DIVISI 2,8,62,78,822,822,0,822,13030,651,5,0,16,210,1.25,20729,13150,13030,7,15.85,8,63,-120
4/29/2025,PT. LSP RS,DIVISI 2,8,70,99,1091,1091,0,1091,15470,773,5,0,14,221,1.42,20729,15640,15470,7,14.18,8,75,-170
4/30/2025,PT. LSP RS,DIVISI 2,9,62,73,915,915,0,915,13960,698,5,0,15,225,1.17,20729,14160,13960,7,15.26,9,67,-200
5/1/2025,PT. LSP RS,DIVISI 2,0,0,0,0,0,0,0,0,0,0,0,0,0,0,0,0,0,8,0,0,0,0
5/2/2025,PT. LSP RS,DIVISI 2,10,62,79,1013,1013,0,1013,15780,788,5,0,16,255,1.28,22169,16400,15780,8,15.58,10,71,-620
5/3/2025,PT. LSP RS,DIVISI 2,8,70,82,867,867,0,867,13150,658,5,0,15,188,1.18,22169,13340,13150,9,15.17,8,59,-190
5/4/2025,PT. LSP RS,DIVISI 2,0,0,0,0,0,0,0,0,0,0,0,0,0,0,0,0,0,10,0,0,0,0
5/5/2025,PT. LSP RS,DIVISI 2,8,68,94,1035,1035,0,1035,16840,842,5,0,16,248,1.38,22169,17010,16840,8,16.27,8,76,-170
5/6/2025,PT. LSP RS,DIVISI 2,8,60,83,879,879,0,879,14900,744,5,0,17,248,1.38,22169,15030,14900,8,16.95,8,67,-130
5/7/2025,PT. LSP RS,DIVISI 2,8,60,84,870,870,0,870,13260,662,5,0,15,221,1.4,22169,13310,13260,8,15.24,8,60,-50
5/8/2025,PT. LSP RS,DIVISI 2,9,66,78,944,944,0,944,16940,848,5,0,18,257,1.18,22169,17170,16940,7,17.94,9,76,-230
5/9/2025,PT. LSP RS,DIVISI 2,7,66,83,801,801,0,801,13700,685,5,0,17,208,1.26,22169,13780,13700,7,17.1,7,62,-80
5/10/2025,PT. LSP RS,DIVISI 2,7,66,79,760,760,0,760,12260,614,5,0,16,186,1.19,22169,12440,12260,6,16.13,7,55,-180
5/11/2025,PT. LSP RS,DIVISI 2,0,0,0,0,0,0,0,0,0,0,0,0,0,0,0,0,0,7,0,0,0,0
5/12/2025,PT. LSP RS,DIVISI 2,0,0,0,0,0,0,0,0,0,0,0,0,0,0,0,0,0,8,0,0,0,0
5/13/2025,PT. LSP RS,DIVISI 2,8,66,87,952,952,0,952,17080,854,5,0,18,259,1.32,22169,17060,17080,8,17.94,8,77,20
5/14/2025,PT. LSP RS,DIVISI 2,8,70,85,960,960,0,960,15950,798,5,0,17,228,1.21,22169,16130,15950,9,16.61,8,72,-180
5/15/2025,PT. LSP RS,DIVISI 2,14,22,24,438,438,0,438,7770,388,5,0,18,353,1.09,22169,7900,7770,10,17.74,14,35,-130
5/16/2025,PT. LSP RS,DIVISI 2,9,72,94,1135,1135,0,1135,17900,894,5,0,16,249,1.31,22169,18510,17900,9,15.77,9,81,-610
5/17/2025,PT. LSP RS,DIVISI 2,11,70,88,1237,1237,0,1237,22600,1130,5,0,18,323,1.25,22169,23020,22600,9,18.27,11,102,-420
5/18/2025,PT. LSP RS,DIVISI 2,0,0,0,0,0,0,0,0,0,0,0,0,0,0,0,0,0,10,0,0,0,0
5/19/2025,PT. LSP RS,DIVISI 2,10,70,81,1042,1042,0,1042,18100,904,5,0,17,259,1.16,22169,18480,18100,11,17.37,10,82,-380
5/20/2025,PT. LSP RS,DIVISI 2,8,68,88,908,908,0,908,15240,762,5,0,17,224,1.29,22169,15520,15240,8,16.78,8,69,-280
5/21/2025,PT. LSP RS,DIVISI 2,6,60,80,680,680,0,680,12400,622,5,0,18,207,1.34,22169,12650,12400,9,18.24,6,56,-250
5/22/2025,PT. LSP RS,DIVISI 2,7,66,85,766,766,0,766,12830,641,5,0,17,194,1.28,22169,13040,12830,7,16.75,7,58,-210
5/23/2025,PT. LSP RS,DIVISI 2,9,62,83,976,976,0,976,17030,861,5.1,0,17,275,1.33,22169,17380,17030,7,17.45,9,77,-350
5/24/2025,PT. LSP RS,DIVISI 2,8,66,80,890,890,0,890,16280,815,5,0,18,247,1.2,22169,16470,16280,8,18.29,8,73,-190
5/25/2025,PT. LSP RS,DIVISI 2,0,0,0,0,0,0,0,0,0,0,0,0,0,0,0,0,0,9,0,0,0,0
5/26/2025,PT. LSP RS,DIVISI 2,9,66,80,924,924,0,924,17670,883,5,0,19,268,1.2,22169,17890,17670,8,19.12,9,80,-220
5/27/2025,PT. LSP RS,DIVISI 2,7,68,89,855,855,0,855,16260,812,5,0,19,239,1.31,22169,16410,16260,8,19.02,7,73,-150
5/28/2025,PT. LSP RS,DIVISI 2,8,70,90,941,941,0,941,16690,834,5,0,18,238,1.28,22169,16760,16690,7,17.74,8,75,-70
5/29/2025,PT. LSP RS,DIVISI 2,0,0,0,0,0,0,0,0,0,0,0,0,0,0,0,0,0,8,0,0,0,0
5/30/2025,PT. LSP RS,DIVISI 2,7,62,80,733,733,0,733,11950,597,5,0,16,193,1.29,22169,12190,11950,8,16.3,7,54,-240
5/31/2025,PT. LSP RS,DIVISI 2,8,58,70,736,736,0,736,14490,726,5,0,20,250,1.21,22169,14680,14490,8,19.69,8,65,-190
6/1/2025,PT. LSP RS,DIVISI 2,0,0,0,0,0,0,0,0,0,0,0,0,0,0,0,0,0,9,0,0,0,0
6/2/2025,PT. LSP RS,DIVISI 2,7,52,69,602,602,0,602,12340,617,5,0,20,237,1.32,29742,12430,12340,8,20.5,7,41,-90
6/3/2025,PT. LSP RS,DIVISI 2,6,52,66,556,556,0,556,11110,556,5,0,20,214,1.26,29742,11170,11110,9,19.98,6,37,-60
6/4/2025,PT. LSP RS,DIVISI 2,7,52,75,693,693,0,693,14160,708,5,0,20,272,1.43,29742,14290,14160,9,20.43,7,48,-130
6/5/2025,PT. LSP RS,DIVISI 2,7,58,71,635,635,0,635,12950,648,5,0,20,223,1.22,29742,13010,12950,9,20.39,7,44,-60
6/6/2025,PT. LSP RS,DIVISI 2,0,0,0,0,0,0,0,0,0,0,0,0,0,0,0,0,0,10,0,0,0,0
6/7/2025,PT. LSP RS,DIVISI 2,6,60,78,600,600,0,600,11320,867,7.7,0,19,189,1.3,29742,11430,11320,9,18.87,6,38,-110
6/8/2025,PT. LSP RS,DIVISI 2,0,0,0,0,0,0,0,0,0,0,0,0,0,0,0,0,0,10,0,0,0,0
6/9/2025,PT. LSP RS,DIVISI 2,7,66,87,817,817,0,817,17430,872,5,0,21,264,1.31,29742,17540,17430,10,21.33,7,59,-110
3/1/2025,PT. LSP PR,DIVISI 1,0,0,0,0,0,0,0,0,0,0,0,0,0,0,8799,0,0,13,0,0,0,0
3/2/2025,PT. LSP PR,DIVISI 1,0,0,0,0,0,0,0,0,0,0,0,0,0,0,0,0,0,14,0,0,0,0
3/3/2025,PT. LSP PR,DIVISI 1,43,8,11.3,705,705,0,705,14470,510,3.5,0,21,1809,1.41,8799,14640,14470,15,20.52,43,164,-170
3/4/2025,PT. LSP PR,DIVISI 1,38,11,18.3,990,990,0,990,21430,860,4,0,22,1948,1.66,8799,21590,21430,15,21.65,38,244,-160
3/5/2025,PT. LSP PR,DIVISI 1,34,13,21.82,1056,1056,0,1056,21250,750,3.5,0,20,1635,1.68,8799,21520,21250,13,20.12,34,242,-270
3/6/2025,PT. LSP PR,DIVISI 1,36,14,20.74,1081,1081,0,1081,22480,780,3.5,0,21,1606,1.48,8799,22680,22480,14,20.8,36,255,-200
3/7/2025,PT. LSP PR,DIVISI 1,23,4,11.2,363,363,0,363,7210,250,3.5,0,20,1803,2.8,8799,7280,7210,15,19.86,23,82,-70
3/8/2025,PT. LSP PR,DIVISI 1,26,4,8.95,331,331,0,331,7150,250,3.5,0,22,1788,2.24,8799,7260,7150,16,21.6,26,81,-110
3/9/2025,PT. LSP PR,DIVISI 1,0,0,0,0,0,0,0,0,0,0,0,0,0,0,0,0,0,17,0,0,0,0
3/10/2025,PT. LSP PR,DIVISI 1,26,15,19.67,1210,1125,0,1125,23630,830,3.5,85,21,1575,1.31,8799,23860,23630,12,21,26,269,-230
3/11/2025,PT. LSP PR,DIVISI 1,23,16,26.72,1173,1258,0,1258,26710,940,3.5,0,21,1669,1.67,8799,27010,26710,13,21.23,23,304,-300
3/12/2025,PT. LSP PR,DIVISI 1,13,15,48.95,937,937,0,937,19320,740,3.8,0,21,1288,3.26,8799,19560,19320,9,20.62,13,220,-240
3/13/2025,PT. LSP PR,DIVISI 1,25,8,19.8,700,700,0,700,14620,590,4,0,21,1828,2.48,8799,14730,14620,10,20.89,25,166,-110
3/14/2025,PT. LSP PR,DIVISI 1,24,8,18.25,634,634,0,634,14050,710,5.1,0,22,1756,2.28,8799,14190,14050,11,22.16,24,160,-140
3/15/2025,PT. LSP PR,DIVISI 1,18,9,21.46,549,549,0,549,12160,490,4,0,22,1351,2.38,8799,12300,12160,12,22.15,18,138,-140
3/16/2025,PT. LSP PR,DIVISI 1,0,0,0,0,0,0,0,0,0,0,0,0,0,0,0,0,0,13,0,0,0,0
3/17/2025,PT. LSP PR,DIVISI 1,18,5,8.1,266,266,0,266,6040,240,4,0,23,1208,1.62,8799,6120,6040,8,22.71,18,69,-80
3/18/2025,PT. LSP PR,DIVISI 1,22,5,10.5,336,336,0,336,6830,310,4.5,0,20,1366,2.1,8799,6910,6830,9,20.33,22,78,-80
3/19/2025,PT. LSP PR,DIVISI 1,26,5,8.5,322,322,0,322,7060,280,4,0,22,1412,1.7,8799,7140,7060,10,21.93,26,80,-80
3/20/2025,PT. LSP PR,DIVISI 1,25,15,27.72,978,978,0,978,21260,950,4.5,0,22,1417,1.85,8799,21500,21260,9,21.74,25,242,-240
3/21/2025,PT. LSP PR,DIVISI 1,17,15,43.98,1054,983,0,983,21060,950,4.5,71,21,1404,2.93,8799,21420,21060,10,21.42,17,239,-360
3/22/2025,PT. LSP PR,DIVISI 1,15,14,42.97,926,997,0,997,21840,1090,5,0,22,1560,3.07,8799,22120,21840,11,21.91,15,248,-280
3/23/2025,PT. LSP PR,DIVISI 1,0,0,0,0,0,0,0,0,0,0,0,0,0,0,0,0,0,12,0,0,0,0
3/24/2025,PT. LSP PR,DIVISI 1,24,9,20.41,703,671,0,671,14710,660,4.5,32,22,1634,2.27,8799,15110,14710,13,21.92,24,167,-400
3/25/2025,PT. LSP PR,DIVISI 1,27,9,17.17,669,701,0,701,14550,730,5,0,21,1617,1.91,8799,14830,14550,11,20.76,27,165,-280
3/26/2025,PT. LSP PR,DIVISI 1,13,5,17.65,323,323,0,323,7040,350,5,0,22,1408,3.53,8799,7140,7040,12,21.8,13,80,-100
3/27/2025,PT. LSP PR,DIVISI 1,0,0,0,0,0,0,0,0,0,0,0,0,0,0,8799,0,0,13,0,0,0,0
3/28/2025,PT. LSP PR,DIVISI 1,0,0,0,0,0,0,0,0,0,0,0,0,0,0,0,0,0,14,0,0,0,0
3/29/2025,PT. LSP PR,DIVISI 1,0,0,0,0,0,0,0,0,0,0,0,0,0,0,0,0,0,15,0,0,0,0
3/30/2025,PT. LSP PR,DIVISI 1,0,0,0,0,0,0,0,0,0,0,0,0,0,0,0,0,0,16,0,0,0,0
3/31/2025,PT. LSP PR,DIVISI 1,0,0,0,0,0,0,0,0,0,0,0,0,0,0,0,0,0,17,0,0,0,0
4/1/2025,PT. LSP PR,DIVISI 1,0,0,0,0,0,0,0,0,0,0,0,0,0,0,0,0,0,18,0,0,0,0
4/2/2025,PT. LSP PR,DIVISI 1,0,0,0,0,0,0,0,0,0,0,0,0,0,0,0,0,0,19,0,0,0,0
4/3/2025,PT. LSP PR,DIVISI 1,0,0,0,0,0,0,0,0,0,0,0,0,0,0,0,0,0,20,0,0,0,0
4/4/2025,PT. LSP PR,DIVISI 1,0,0,0,0,0,0,0,0,0,0,0,0,0,0,13799,0,0,21,0,0,0,0
4/5/2025,PT. LSP PR,DIVISI 1,0,0,0,0,0,0,0,0,0,0,0,0,0,0,13799,0,0,22,0,0,0,0
4/6/2025,PT. LSP PR,DIVISI 1,0,0,0,0,0,0,0,0,0,0,0,0,0,0,0,0,0,23,0,0,0,0
4/7/2025,PT. LSP PR,DIVISI 1,39,7,12.5,696,514,0,514,16000,640,4,0,31,2286,1.79,13799,16160,16000,24,31.13,39,116,-160
4/8/2025,PT. LSP PR,DIVISI 1,46,8,9.7,647,647,0,647,14410,580,4,0,22,1801,1.21,13799,14580,14410,25,22.27,46,104,-170
4/9/2025,PT. LSP PR,DIVISI 1,42,4,5.8,347,347,0,347,7360,290,3.9,0,21,1840,1.45,13799,7450,7360,26,21.21,42,53,-90
4/10/2025,PT. LSP PR,DIVISI 1,46,8,9.1,697,697,0,697,15190,680,4.5,0,22,1899,1.14,13799,15410,15190,27,21.79,46,110,-220
4/11/2025,PT. LSP PR,DIVISI 1,39,9,10.8,709,709,0,709,15480,770,5,0,22,1720,1.2,13799,15570,15480,28,21.83,39,112,-90
4/12/2025,PT. LSP PR,DIVISI 1,52,10,13.5,1005,1005,0,1005,22810,1140,5,0,23,2281,1.35,13799,23090,22810,29,22.7,52,165,-280
4/13/2025,PT. LSP PR,DIVISI 1,0,0,0,0,0,0,0,0,0,0,0,0,0,0,0,0,0,30,0,0,0,0
4/14/2025,PT. LSP PR,DIVISI 1,25,7,19.3,708,708,0,708,15530,780,5,0,22,2219,2.76,13799,15720,15530,31,21.94,25,113,-190
4/15/2025,PT. LSP PR,DIVISI 1,30,9,20.97,917,917,0,917,20120,1010,5,0,22,2236,2.33,13799,20640,20120,27,21.94,30,146,-520
4/16/2025,PT. LSP PR,DIVISI 1,62,12,15.43,1368,1270,0,1270,28600,1430,5,98,23,2383,1.29,13799,29170,28600,26,22.52,62,207,-570
4/17/2025,PT. LSP PR,DIVISI 1,30,11,15.1,1209,1307,0,1307,27700,1380,5,0,21,2518,1.37,13799,27990,27700,11,21.19,30,201,-290
4/18/2025,PT. LSP PR,DIVISI 1,0,0,0,0,0,0,0,0,0,0,0,0,0,0,0,0,0,12,0,0,0,0
4/19/2025,PT. LSP PR,DIVISI 1,61,12,15.1,1321,1321,0,1321,28960,1410,4.9,0,22,2413,1.26,13799,29230,28960,13,21.92,61,210,-270
4/20/2025,PT. LSP PR,DIVISI 1,0,0,0,0,0,0,0,0,0,0,0,0,0,0,0,0,0,14,0,0,0,0
4/21/2025,PT. LSP PR,DIVISI 1,50,6,8.6,621,621,0,621,14270,710,5,0,23,2378,1.43,13799,14400,14270,15,22.98,50,103,-130
4/22/2025,PT. LSP PR,DIVISI 1,59,14,15.9,1350,1350,0,1350,31190,1250,4,0,23,2228,1.14,13799,31620,31190,16,23.1,59,226,-430
4/23/2025,PT. LSP PR,DIVISI 1,55,12,17.58,1387,1387,0,1387,29960,1200,4,0,22,2497,1.47,13799,30270,29960,17,21.6,55,217,-310
4/24/2025,PT. LSP PR,DIVISI 1,47,13,19.33,1320,1320,0,1320,27640,940,3.4,0,21,2126,1.49,13799,27950,27640,10,20.94,47,200,-310
4/25/2025,PT. LSP PR,DIVISI 1,41,10,17.36,1028,1028,0,1028,21700,650,3,0,21,2170,1.74,13799,21980,21700,19,21.11,41,157,-280
4/26/2025,PT. LSP PR,DIVISI 1,29,13,23.8,979,979,0,979,21300,640,3,0,22,1638,1.83,13799,21540,21300,12,21.76,29,154,-240
4/27/2025,PT. LSP PR,DIVISI 1,0,0,0,0,0,0,0,0,0,0,0,0,0,0,0,0,0,13,0,0,0,0
4/28/2025,PT. LSP PR,DIVISI 1,30,13,20.86,893,893,0,893,19780,590,3,0,22,1522,1.6,13799,20010,19780,14,22.15,30,143,-230
4/29/2025,PT. LSP PR,DIVISI 1,38,14,18.8,1024,1024,0,1024,22370,670,3,0,22,1598,1.34,13799,22710,22370,15,21.85,38,162,-340
4/30/2025,PT. LSP PR,DIVISI 1,29,13,24.65,1018,1018,0,1018,22140,670,3,0,22,1703,1.9,13799,22330,22140,15,21.75,29,160,-190
5/1/2025,PT. LSP PR,DIVISI 1,0,0,0,0,0,0,0,0,0,0,0,0,0,0,0,0,0,16,0,0,0,0
5/2/2025,PT. LSP PR,DIVISI 1,18,13,34.39,903,903,0,903,20960,630,3,0,23,1612,2.65,14757,21240,20960,16,23.21,18,142,-280
5/3/2025,PT. LSP PR,DIVISI 1,19,9,26.6,720,720,0,720,15530,470,3,0,22,1726,2.96,14757,15670,15530,10,21.57,19,105,-140
5/4/2025,PT. LSP PR,DIVISI 1,0,0,0,0,0,0,0,0,0,0,0,0,0,0,0,0,0,11,0,0,0,0
5/5/2025,PT. LSP PR,DIVISI 1,30,5,8.3,353,353,0,353,8180,250,3.1,0,23,1636,1.66,14757,8310,8180,12,23.17,30,55,-130
5/6/2025,PT. LSP PR,DIVISI 1,27,5,8.5,325,325,0,325,6130,180,2.9,0,19,1226,1.7,14757,6210,6130,13,18.86,27,42,-80
5/7/2025,PT. LSP PR,DIVISI 1,25,12,19.27,689,689,0,689,14850,440,3,0,22,1238,1.61,14757,15000,14850,12,21.55,25,101,-150
5/8/2025,PT. LSP PR,DIVISI 1,21,13,24.8,733,702,0,702,15990,480,3,31,23,1230,1.91,14757,16230,15990,10,22.78,21,108,-240
5/9/2025,PT. LSP PR,DIVISI 1,20,13,31.08,873,904,0,904,19570,590,3,0,22,1505,2.39,14757,19800,19570,11,21.65,20,133,-230
5/10/2025,PT. LSP PR,DIVISI 1,21,12,28.53,661,661,0,661,14620,440,3,0,22,1218,2.38,14757,14800,14620,9,22.12,21,99,-180
5/11/2025,PT. LSP PR,DIVISI 1,0,0,0,0,0,0,0,0,0,0,0,0,0,0,0,0,0,10,0,0,0,0
5/12/2025,PT. LSP PR,DIVISI 1,0,0,0,0,0,0,0,0,0,0,0,0,0,0,0,0,0,11,0,0,0,0
5/13/2025,PT. LSP PR,DIVISI 1,22,14,29.51,915,915,0,915,21340,680,3.2,0,23,1524,2.11,14757,21550,21340,12,23.32,22,145,-210
5/14/2025,PT. LSP PR,DIVISI 1,23,14,31.01,1023,1023,0,1023,21160,640,3,0,21,1511,2.22,14757,21760,21160,13,20.68,23,143,-600
5/15/2025,PT. LSP PR,DIVISI 1,15,9,33.07,721,721,0,721,15360,470,3.1,0,21,1707,3.67,14757,15620,15360,9,21.3,15,104,-260
5/16/2025,PT. LSP PR,DIVISI 1,0,0,0,0,0,0,0,0,0,0,0,0,0,0,14757,0,0,10,0,0,0,0
5/17/2025,PT. LSP PR,DIVISI 1,0,0,0,0,0,0,0,0,0,0,0,0,0,0,14757,0,0,11,0,0,0,0
5/18/2025,PT. LSP PR,DIVISI 1,0,0,0,0,0,0,0,0,0,0,0,0,0,0,0,0,0,12,0,0,0,0
5/19/2025,PT. LSP PR,DIVISI 1,0,0,0,0,0,0,0,0,0,0,0,0,0,0,14757,0,0,13,0,0,0,0
5/20/2025,PT. LSP PR,DIVISI 1,24,13,21.8,749,703,0,703,16640,500,3,46,24,1280,1.68,14757,16780,16640,11,23.67,24,113,-140
5/21/2025,PT. LSP PR,DIVISI 1,22,14,28.2,877,923,0,923,21260,640,3,0,23,1519,2.01,14757,21500,21260,12,23.03,22,144,-240
5/22/2025,PT. LSP PR,DIVISI 1,12,13,49.12,830,830,0,830,18380,550,3,0,22,1414,3.78,14757,18570,18380,13,22.14,12,125,-190
5/23/2025,PT. LSP PR,DIVISI 1,23,13,27.95,916,843,0,843,19150,580,3,73,23,1473,2.15,14757,19420,19150,9,22.72,23,130,-270
5/24/2025,PT. LSP PR,DIVISI 1,18,14,27.8,727,800,0,800,17470,530,3,0,22,1248,1.99,14757,17670,17470,10,21.84,18,118,-200
5/25/2025,PT. LSP PR,DIVISI 1,0,0,0,0,0,0,0,0,0,0,0,0,0,0,0,0,0,11,0,0,0,0
5/26/2025,PT. LSP PR,DIVISI 1,11,14,41.53,661,661,0,661,14680,440,3,0,22,1049,2.97,14757,14820,14680,7,22.21,11,99,-140
5/27/2025,PT. LSP PR,DIVISI 1,0,0,0,0,0,0,0,0,0,0,0,0,0,0,14757,0,0,8,0,0,0,0
5/28/2025,PT. LSP PR,DIVISI 1,0,0,0,0,0,0,0,0,0,0,0,0,0,0,14757,0,0,9,0,0,0,0
5/29/2025,PT. LSP PR,DIVISI 1,0,0,0,0,0,0,0,0,0,0,0,0,0,0,0,0,0,10,0,0,0,0
5/30/2025,PT. LSP PR,DIVISI 1,0,0,0,0,0,0,0,0,0,0,0,0,0,0,14757,0,0,11,0,0,0,0
5/31/2025,PT. LSP PR,DIVISI 1,0,0,0,0,0,0,0,0,0,0,0,0,0,0,14757,0,0,12,0,0,0,0
6/1/2025,PT. LSP PR,DIVISI 1,0,0,0,0,0,0,0,0,0,0,0,0,0,0,0,0,0,13,0,0,0,0
6/2/2025,PT. LSP PR,DIVISI 1,0,0,0,0,0,0,0,0,0,0,0,0,0,0,19799,0,0,14,0,0,0,0
6/3/2025,PT. LSP PR,DIVISI 1,16,5,16.1,361,361,0,361,9140,270,3,0,25,1828,3.22,19799,9210,9140,15,25.32,16,46,-70
6/4/2025,PT. LSP PR,DIVISI 1,20,8,19.2,548,548,0,548,12680,380,3,0,23,1585,2.4,19799,12820,12680,16,23.14,20,64,-140
6/5/2025,PT. LSP PR,DIVISI 1,16,9,23.1,534,534,0,534,12450,380,3.1,0,23,1383,2.57,19799,12590,12450,17,23.31,16,63,-140
6/6/2025,PT. LSP PR,DIVISI 1,0,0,0,0,0,0,0,0,0,0,0,0,0,0,0,0,0,18,0,0,0,0
6/7/2025,PT. LSP PR,DIVISI 1,0,0,0,0,0,0,0,0,0,0,0,0,0,0,19799,0,0,19,0,0,0,0
6/8/2025,PT. LSP PR,DIVISI 1,0,0,0,0,0,0,0,0,0,0,0,0,0,0,0,0,0,20,0,0,0,0
6/9/2025,PT. LSP PR,DIVISI 1,24,11,22.69,799,799,0,799,18970,570,3,0,24,1725,2.06,19799,19270,18970,18,23.74,24,96,-300
3/1/2025,CANDIMAS,DIVISI 1,0,0,0,0,0,0,0,0,0,0,0,0,0,0,2219,0,0,0,0,0,0,0
3/2/2025,CANDIMAS,DIVISI 1,0,0,0,0,0,0,0,0,0,0,0,0,0,0,0,0,0,0,0,0,0,0
3/3/2025,CANDIMAS,DIVISI 1,0,0,0,0,0,0,0,0,0,0,0,0,0,0,2219,0,0,0,0,0,0,0
3/4/2025,CANDIMAS,DIVISI 1,0,0,0,0,0,0,0,0,0,0,0,0,0,0,2219,0,0,0,0,0,0,0
3/5/2025,CANDIMAS,DIVISI 1,0,0,0,0,0,0,0,0,0,0,0,0,0,0,2219,0,0,0,0,0,0,0
3/6/2025,CANDIMAS,DIVISI 1,0,0,0,0,0,0,0,0,0,0,0,0,0,0,2219,0,0,0,0,0,0,0
3/7/2025,CANDIMAS,DIVISI 1,0,0,0,0,0,0,0,0,0,0,0,0,0,0,2219,0,0,0,0,0,0,0
3/8/2025,CANDIMAS,DIVISI 1,21,8,13,365,365,0,365,5620,280,5,0,15,703,1.67,2219,5620,5620,0,15.4,21,253,0
3/9/2025,CANDIMAS,DIVISI 1,21,8,13,368,368,0,368,5080,250,4.9,0,14,635,1.67,0,5080,5080,0,13.8,21,0,0
3/10/2025,CANDIMAS,DIVISI 1,16,8,13,278,278,0,278,3840,190,4.9,0,14,480,1.67,2219,3840,3840,0,13.81,16,173,0
3/11/2025,CANDIMAS,DIVISI 1,0,0,0,0,0,0,0,0,0,0,0,0,0,0,2219,0,0,0,0,0,0,0
3/12/2025,CANDIMAS,DIVISI 1,0,0,0,0,0,0,0,0,0,0,0,0,0,0,2219,0,0,0,0,0,0,0
3/13/2025,CANDIMAS,DIVISI 1,0,0,0,0,0,0,0,0,0,0,0,0,0,0,2219,0,0,0,0,0,0,0
3/14/2025,CANDIMAS,DIVISI 1,0,0,0,0,0,0,0,0,0,0,0,0,0,0,2219,0,0,0,0,0,0,0
3/15/2025,CANDIMAS,DIVISI 1,0,0,0,0,0,0,0,0,0,0,0,0,0,0,2219,0,0,0,0,0,0,0
3/16/2025,CANDIMAS,DIVISI 1,0,0,0,0,0,0,0,0,0,0,0,0,0,0,0,0,0,0,0,0,0,0
3/17/2025,CANDIMAS,DIVISI 1,0,0,0,0,0,0,0,0,0,0,0,0,0,0,2219,0,0,0,0,0,0,0
3/18/2025,CANDIMAS,DIVISI 1,0,0,0,0,0,0,0,0,0,0,0,0,0,0,2219,0,0,0,0,0,0,0
3/19/2025,CANDIMAS,DIVISI 1,0,0,0,0,0,0,0,0,0,0,0,0,0,0,2219,0,0,0,0,0,0,0
3/20/2025,CANDIMAS,DIVISI 1,33,8,10,423,423,0,423,5800,290,5,0,14,725,1.25,2219,5800,5800,0,13.71,33,261,0
3/21/2025,CANDIMAS,DIVISI 1,33,8,10,433,433,0,433,6070,300,4.9,0,14,759,1.25,2219,6070,6070,0,14.02,33,274,0
3/22/2025,CANDIMAS,DIVISI 1,29,8,10,373,373,0,373,5120,260,5.1,0,14,640,1.25,2219,5120,5120,0,13.73,29,231,0
3/23/2025,CANDIMAS,DIVISI 1,25,8,10,320,320,0,320,4240,210,5,0,13,530,1.25,0,4240,4240,0,13.25,25,0,0
3/24/2025,CANDIMAS,DIVISI 1,0,0,0,0,0,0,0,0,0,0,0,0,0,0,2219,0,0,0,0,0,0,0
3/25/2025,CANDIMAS,DIVISI 1,0,0,0,0,0,0,0,0,0,0,0,0,0,0,2219,0,0,0,0,0,0,0
3/26/2025,CANDIMAS,DIVISI 1,0,0,0,0,0,0,0,0,0,0,0,0,0,0,2219,0,0,0,0,0,0,0
3/27/2025,CANDIMAS,DIVISI 1,0,0,0,0,0,0,0,0,0,0,0,0,0,0,2219,0,0,0,0,0,0,0
3/28/2025,CANDIMAS,DIVISI 1,0,0,0,0,0,0,0,0,0,0,0,0,0,0,0,0,0,0,0,0,0,0
3/29/2025,CANDIMAS,DIVISI 1,0,0,0,0,0,0,0,0,0,0,0,0,0,0,0,0,0,0,0,0,0,0
3/30/2025,CANDIMAS,DIVISI 1,0,0,0,0,0,0,0,0,0,0,0,0,0,0,0,0,0,0,0,0,0,0
3/31/2025,CANDIMAS,DIVISI 1,0,0,0,0,0,0,0,0,0,0,0,0,0,0,0,0,0,0,0,0,0,0
4/1/2025,CANDIMAS,DIVISI 1,0,0,0,0,0,0,0,0,0,0,0,0,0,0,0,0,0,0,0,0,0,0
4/2/2025,CANDIMAS,DIVISI 1,0,0,0,0,0,0,0,0,0,0,0,0,0,0,0,0,0,0,0,0,0,0
4/3/2025,CANDIMAS,DIVISI 1,0,0,0,0,0,0,0,0,0,0,0,0,0,0,0,0,0,0,0,0,0,0
4/4/2025,CANDIMAS,DIVISI 1,0,0,0,0,0,0,0,0,0,0,0,0,0,0,2707,0,0,0,0,0,0,0
4/5/2025,CANDIMAS,DIVISI 1,0,0,0,0,0,0,0,0,0,0,0,0,0,0,2707,0,0,0,0,0,0,0
4/6/2025,CANDIMAS,DIVISI 1,0,0,0,0,0,0,0,0,0,0,0,0,0,0,0,0,0,0,0,0,0,0
4/7/2025,CANDIMAS,DIVISI 1,44,8,8,461,461,0,461,6220,310,5,0,13,778,1.01,2707,6220,6220,0,13.49,44,230,0
4/8/2025,CANDIMAS,DIVISI 1,38,8,8,397,397,0,397,5600,280,5,0,14,700,1.01,2707,5600,5600,0,14.11,38,207,0
4/9/2025,CANDIMAS,DIVISI 1,0,0,0,0,0,0,0,0,0,0,0,0,0,0,2707,0,0,0,0,0,0,0
4/10/2025,CANDIMAS,DIVISI 1,0,0,0,0,0,0,0,0,0,0,0,0,0,0,2707,0,0,0,0,0,0,0
4/11/2025,CANDIMAS,DIVISI 1,44,8,8,461,461,0,461,6980,350,5,0,15,873,1.01,2707,6980,6980,0,15.14,44,258,0
4/12/2025,CANDIMAS,DIVISI 1,39,8,8,415,415,0,415,7290,360,4.9,0,18,911,1.01,2707,7290,7290,0,17.57,39,269,0
4/13/2025,CANDIMAS,DIVISI 1,19,8,8,202,202,0,202,2530,130,5.1,0,13,316,1.01,0,2530,2530,0,12.52,19,0,0
4/14/2025,CANDIMAS,DIVISI 1,0,0,0,0,0,0,0,0,0,0,0,0,0,0,2707,0,0,0,0,0,0,0
4/15/2025,CANDIMAS,DIVISI 1,0,0,0,0,0,0,0,0,0,0,0,0,0,0,2707,0,0,0,0,0,0,0
4/16/2025,CANDIMAS,DIVISI 1,0,0,0,0,0,0,0,0,0,0,0,0,0,0,2707,0,0,0,0,0,0,0
4/17/2025,CANDIMAS,DIVISI 1,0,0,0,0,0,0,0,0,0,0,0,0,0,0,2707,0,0,0,0,0,0,0
4/18/2025,CANDIMAS,DIVISI 1,0,0,0,0,0,0,0,0,0,0,0,0,0,0,0,0,0,0,0,0,0,0
4/19/2025,CANDIMAS,DIVISI 1,0,0,0,0,0,0,0,0,0,0,0,0,0,0,2707,0,0,0,0,0,0,0
4/20/2025,CANDIMAS,DIVISI 1,0,0,0,0,0,0,0,0,0,0,0,0,0,0,0,0,0,0,0,0,0,0
4/21/2025,CANDIMAS,DIVISI 1,0,0,0,0,0,0,0,0,0,0,0,0,0,0,2707,0,0,0,0,0,0,0
4/22/2025,CANDIMAS,DIVISI 1,38,8,8,390,390,0,390,5770,290,5,0,15,721,1,2707,5770,5770,0,14.79,38,213,0
4/23/2025,CANDIMAS,DIVISI 1,39,8,8,406,406,0,406,6210,310,5,0,15,776,1,2707,6210,6210,0,15.3,39,229,0
4/24/2025,CANDIMAS,DIVISI 1,36,8,8,375,375,0,375,6280,310,4.9,0,17,785,1,2707,6280,6280,0,16.75,36,232,0
4/25/2025,CANDIMAS,DIVISI 1,33,8,8,343,343,0,343,5160,260,5,0,15,645,1,2707,5160,5160,0,15.04,33,191,0
4/26/2025,CANDIMAS,DIVISI 1,14,8,8,149,149,0,149,2150,110,5.1,0,14,269,1,2707,2150,2150,0,14.43,14,79,0
4/27/2025,CANDIMAS,DIVISI 1,0,0,0,0,0,0,0,0,0,0,0,0,0,0,0,0,0,0,0,0,0,0
4/28/2025,CANDIMAS,DIVISI 1,0,0,0,0,0,0,0,0,0,0,0,0,0,0,2707,0,0,0,0,0,0,0
4/29/2025,CANDIMAS,DIVISI 1,0,0,0,0,0,0,0,0,0,0,0,0,0,0,2707,0,0,0,0,0,0,0
4/30/2025,CANDIMAS,DIVISI 1,0,0,0,0,0,0,0,0,0,0,0,0,0,0,2707,0,0,0,0,0,0,0
5/1/2025,CANDIMAS,DIVISI 1,0,0,0,0,0,0,0,0,0,0,0,0,0,0,0,0,0,0,0,0,0,0
5/2/2025,CANDIMAS,DIVISI 1,0,0,0,0,0,0,0,0,0,0,0,0,0,0,3190,0,0,0,0,0,0,0
5/3/2025,CANDIMAS,DIVISI 1,0,0,0,0,0,0,0,0,0,0,0,0,0,0,3190,0,0,0,0,0,0,0
5/4/2025,CANDIMAS,DIVISI 1,0,0,0,0,0,0,0,0,0,0,0,0,0,0,0,0,0,0,0,0,0,0
5/5/2025,CANDIMAS,DIVISI 1,0,0,0,0,0,0,0,0,0,0,0,0,0,0,3190,0,0,0,0,0,0,0
5/6/2025,CANDIMAS,DIVISI 1,0,0,0,0,0,0,0,0,0,0,0,0,0,0,3190,0,0,0,0,0,0,0
5/7/2025,CANDIMAS,DIVISI 1,27,10,10,350,350,0,350,5750,290,5,0,16,575,1.01,3190,5750,5750,0,16.43,27,180,0
5/8/2025,CANDIMAS,DIVISI 1,26,10,10,345,345,0,345,5470,270,4.9,0,16,547,1.01,3190,5470,5470,0,15.86,26,171,0
5/9/2025,CANDIMAS,DIVISI 1,29,10,10,378,378,0,378,6030,300,5,0,16,603,1.01,3190,6030,6030,0,15.95,29,189,0
5/10/2025,CANDIMAS,DIVISI 1,17,10,10,229,229,0,229,3080,150,4.9,0,13,308,1.01,3190,3080,3080,0,13.45,17,97,0
5/11/2025,CANDIMAS,DIVISI 1,0,0,0,0,0,0,0,0,0,0,0,0,0,0,0,0,0,0,0,0,0,0
5/12/2025,CANDIMAS,DIVISI 1,0,0,0,0,0,0,0,0,0,0,0,0,0,0,0,0,0,0,0,0,0,0
5/13/2025,CANDIMAS,DIVISI 1,0,0,0,0,0,0,0,0,0,0,0,0,0,0,3190,0,0,0,0,0,0,0
5/14/2025,CANDIMAS,DIVISI 1,0,0,0,0,0,0,0,0,0,0,0,0,0,0,3190,0,0,0,0,0,0,0
5/15/2025,CANDIMAS,DIVISI 1,0,0,0,0,0,0,0,0,0,0,0,0,0,0,3190,0,0,0,0,0,0,0
5/16/2025,CANDIMAS,DIVISI 1,0,0,0,0,0,0,0,0,0,0,0,0,0,0,3190,0,0,0,0,0,0,0
5/17/2025,CANDIMAS,DIVISI 1,0,0,0,0,0,0,0,0,0,0,0,0,0,0,3190,0,0,0,0,0,0,0
5/18/2025,CANDIMAS,DIVISI 1,0,0,0,0,0,0,0,0,0,0,0,0,0,0,0,0,0,0,0,0,0,0
5/19/2025,CANDIMAS,DIVISI 1,0,0,0,0,0,0,0,0,0,0,0,0,0,0,3190,0,0,0,0,0,0,0
5/20/2025,CANDIMAS,DIVISI 1,0,0,0,0,0,0,0,0,0,0,0,0,0,0,3190,0,0,0,0,0,0,0
5/21/2025,CANDIMAS,DIVISI 1,29,10,10,384,384,0,384,6220,310,5,0,16,622,1.01,3190,6220,6220,0,16.2,29,195,0
5/22/2025,CANDIMAS,DIVISI 1,27,10,10,362,362,0,362,5640,280,5,0,16,564,1.01,3190,5640,5640,0,15.58,27,177,0
5/23/2025,CANDIMAS,DIVISI 1,27,10,10,362,362,0,362,6160,310,5,0,17,616,1.01,3190,6160,6160,0,17.02,27,193,0
5/24/2025,CANDIMAS,DIVISI 1,18,10,10,237,237,0,237,3140,160,5.1,0,13,314,1.01,3190,3140,3140,0,13.25,18,98,0
5/25/2025,CANDIMAS,DIVISI 1,0,0,0,0,0,0,0,0,0,0,0,0,0,0,0,0,0,0,0,0,0,0
5/26/2025,CANDIMAS,DIVISI 1,0,0,0,0,0,0,0,0,0,0,0,0,0,0,3190,0,0,0,0,0,0,0
5/27/2025,CANDIMAS,DIVISI 1,0,0,0,0,0,0,0,0,0,0,0,0,0,0,3190,0,0,0,0,0,0,0
5/28/2025,CANDIMAS,DIVISI 1,0,0,0,0,0,0,0,0,0,0,0,0,0,0,3190,0,0,0,0,0,0,0
5/29/2025,CANDIMAS,DIVISI 1,0,0,0,0,0,0,0,0,0,0,0,0,0,0,0,0,0,0,0,0,0,0
5/30/2025,CANDIMAS,DIVISI 1,0,0,0,0,0,0,0,0,0,0,0,0,0,0,3190,0,0,0,0,0,0,0
5/31/2025,CANDIMAS,DIVISI 1,0,0,0,0,0,0,0,0,0,0,0,0,0,0,3190,0,0,0,0,0,0,0
6/1/2025,CANDIMAS,DIVISI 1,0,0,0,0,0,0,0,0,0,0,0,0,0,0,0,0,0,0,0,0,0,0
6/2/2025,CANDIMAS,DIVISI 1,0,0,0,0,0,0,0,0,0,0,0,0,0,0,3699,0,0,0,0,0,0,0
6/3/2025,CANDIMAS,DIVISI 1,0,0,0,0,0,0,0,0,0,0,0,0,0,0,3699,0,0,0,0,0,0,0
6/4/2025,CANDIMAS,DIVISI 1,20,10,14,355,355,0,355,5930,300,5.1,0,17,593,1.35,3699,5930,5930,0,16.7,20,160,0
6/5/2025,CANDIMAS,DIVISI 1,20,10,14,356,356,0,356,6280,310,4.9,0,18,628,1.35,3699,6280,6280,0,17.64,20,170,0
6/6/2025,CANDIMAS,DIVISI 1,0,0,0,0,0,0,0,0,0,0,0,0,0,0,0,0,0,0,0,0,0,0
6/7/2025,CANDIMAS,DIVISI 1,0,0,0,0,0,0,0,0,0,0,0,0,0,0,3699,0,0,0,0,0,0,0
6/8/2025,CANDIMAS,DIVISI 1,0,0,0,0,0,0,0,0,0,0,0,0,0,0,0,0,0,0,0,0,0,0
6/9/2025,CANDIMAS,DIVISI 1,22,10,14,384,384,0,384,7170,360,5,0,19,717,1.35,3699,7170,7170,0,18.67,22,194,0
